-- MySQL dump 10.13  Distrib 8.0.44, for Win64 (x86_64)
--
-- Host: localhost    Database: student
-- ------------------------------------------------------
-- Server version	9.4.0

/*!40101 SET @OLD_CHARACTER_SET_CLIENT=@@CHARACTER_SET_CLIENT */;
/*!40101 SET @OLD_CHARACTER_SET_RESULTS=@@CHARACTER_SET_RESULTS */;
/*!40101 SET @OLD_COLLATION_CONNECTION=@@COLLATION_CONNECTION */;
/*!50503 SET NAMES utf8 */;
/*!40103 SET @OLD_TIME_ZONE=@@TIME_ZONE */;
/*!40103 SET TIME_ZONE='+00:00' */;
/*!40014 SET @OLD_UNIQUE_CHECKS=@@UNIQUE_CHECKS, UNIQUE_CHECKS=0 */;
/*!40014 SET @OLD_FOREIGN_KEY_CHECKS=@@FOREIGN_KEY_CHECKS, FOREIGN_KEY_CHECKS=0 */;
/*!40101 SET @OLD_SQL_MODE=@@SQL_MODE, SQL_MODE='NO_AUTO_VALUE_ON_ZERO' */;
/*!40111 SET @OLD_SQL_NOTES=@@SQL_NOTES, SQL_NOTES=0 */;

--
-- Table structure for table `attendance`
--

DROP TABLE IF EXISTS `attendance`;
/*!40101 SET @saved_cs_client     = @@character_set_client */;
/*!50503 SET character_set_client = utf8mb4 */;
CREATE TABLE `attendance` (
  `record_id` int NOT NULL AUTO_INCREMENT,
  `course_id` int NOT NULL,
  `professor_id` int NOT NULL,
  `prn` int NOT NULL,
  `attendance_date` date NOT NULL,
  `status` enum('Present','Absent','Late') DEFAULT 'Absent',
  PRIMARY KEY (`record_id`),
  UNIQUE KEY `unique_attendance` (`course_id`,`prn`,`attendance_date`)
) ENGINE=InnoDB DEFAULT CHARSET=utf8mb4 COLLATE=utf8mb4_0900_ai_ci;
/*!40101 SET character_set_client = @saved_cs_client */;

--
-- Dumping data for table `attendance`
--

LOCK TABLES `attendance` WRITE;
/*!40000 ALTER TABLE `attendance` DISABLE KEYS */;
/*!40000 ALTER TABLE `attendance` ENABLE KEYS */;
UNLOCK TABLES;

--
-- Table structure for table `attendance_record`
--

DROP TABLE IF EXISTS `attendance_record`;
/*!40101 SET @saved_cs_client     = @@character_set_client */;
/*!50503 SET character_set_client = utf8mb4 */;
CREATE TABLE `attendance_record` (
  `record_id` int NOT NULL AUTO_INCREMENT,
  `session_id` int NOT NULL,
  `prn` int NOT NULL,
  `status` enum('Present','Absent') NOT NULL,
  `timestamp` datetime DEFAULT CURRENT_TIMESTAMP,
  PRIMARY KEY (`record_id`),
  KEY `session_id` (`session_id`),
  KEY `prn` (`prn`),
  CONSTRAINT `attendance_record_ibfk_1` FOREIGN KEY (`session_id`) REFERENCES `attendance_session` (`session_id`) ON DELETE CASCADE,
  CONSTRAINT `attendance_record_ibfk_2` FOREIGN KEY (`prn`) REFERENCES `student` (`prn`) ON DELETE CASCADE
) ENGINE=InnoDB AUTO_INCREMENT=1242 DEFAULT CHARSET=utf8mb4 COLLATE=utf8mb4_0900_ai_ci;
/*!40101 SET character_set_client = @saved_cs_client */;

--
-- Dumping data for table `attendance_record`
--

LOCK TABLES `attendance_record` WRITE;
/*!40000 ALTER TABLE `attendance_record` DISABLE KEYS */;
INSERT INTO `attendance_record` VALUES (1,53,49,'Absent','2025-10-24 22:40:34'),(2,53,189,'Present','2025-10-24 22:40:34'),(3,53,249,'Present','2025-10-24 22:40:34'),(4,53,149,'Present','2025-10-24 22:40:34'),(5,53,229,'Absent','2025-10-24 22:40:34'),(6,53,29,'Absent','2025-10-24 22:40:34'),(7,53,9,'Absent','2025-10-24 22:40:34'),(9,53,129,'Absent','2025-10-24 22:40:34'),(10,53,209,'Absent','2025-10-24 22:40:34'),(11,53,89,'Absent','2025-10-24 22:40:34'),(12,53,169,'Absent','2025-10-24 22:40:34'),(13,53,69,'Absent','2025-10-24 22:40:34'),(14,53,79,'Absent','2025-10-24 22:40:34'),(15,53,179,'Absent','2025-10-24 22:40:34'),(16,53,99,'Absent','2025-10-24 22:40:34'),(17,53,159,'Absent','2025-10-24 22:40:34'),(18,53,239,'Absent','2025-10-24 22:40:34'),(19,53,59,'Absent','2025-10-24 22:40:34'),(20,53,199,'Absent','2025-10-24 22:40:34'),(21,53,19,'Absent','2025-10-24 22:40:34'),(22,53,39,'Absent','2025-10-24 22:40:34'),(23,53,139,'Absent','2025-10-24 22:40:34'),(24,53,219,'Absent','2025-10-24 22:40:34'),(25,53,259,'Absent','2025-10-24 22:40:34'),(26,53,119,'Absent','2025-10-24 22:40:34'),(27,54,49,'Present','2025-10-24 22:46:44'),(28,54,189,'Present','2025-10-24 22:46:44'),(29,54,249,'Present','2025-10-24 22:46:44'),(30,54,149,'Present','2025-10-24 22:46:44'),(31,54,229,'Absent','2025-10-24 22:46:44'),(32,54,29,'Absent','2025-10-24 22:46:44'),(33,54,9,'Absent','2025-10-24 22:46:44'),(35,54,129,'Absent','2025-10-24 22:46:44'),(36,54,209,'Absent','2025-10-24 22:46:44'),(37,54,89,'Absent','2025-10-24 22:46:44'),(38,54,169,'Absent','2025-10-24 22:46:44'),(39,54,69,'Absent','2025-10-24 22:46:44'),(40,54,79,'Absent','2025-10-24 22:46:44'),(41,54,179,'Absent','2025-10-24 22:46:44'),(42,54,99,'Absent','2025-10-24 22:46:44'),(43,54,159,'Absent','2025-10-24 22:46:44'),(44,54,239,'Absent','2025-10-24 22:46:44'),(45,54,59,'Absent','2025-10-24 22:46:44'),(46,54,199,'Absent','2025-10-24 22:46:44'),(47,54,19,'Absent','2025-10-24 22:46:44'),(48,54,39,'Absent','2025-10-24 22:46:44'),(49,54,139,'Absent','2025-10-24 22:46:44'),(50,54,219,'Absent','2025-10-24 22:46:44'),(51,54,259,'Absent','2025-10-24 22:46:44'),(52,54,119,'Absent','2025-10-24 22:46:44'),(53,55,49,'Present','2025-10-24 22:52:07'),(54,55,189,'Present','2025-10-24 22:52:07'),(55,55,249,'Present','2025-10-24 22:52:07'),(56,55,149,'Present','2025-10-24 22:52:07'),(57,55,229,'Absent','2025-10-24 22:52:07'),(58,55,29,'Absent','2025-10-24 22:52:07'),(59,55,9,'Present','2025-10-24 22:52:07'),(61,55,129,'Absent','2025-10-24 22:52:07'),(62,55,209,'Absent','2025-10-24 22:52:07'),(63,55,89,'Absent','2025-10-24 22:52:07'),(64,55,169,'Absent','2025-10-24 22:52:07'),(65,55,69,'Absent','2025-10-24 22:52:07'),(66,55,79,'Absent','2025-10-24 22:52:07'),(67,55,179,'Absent','2025-10-24 22:52:07'),(68,55,99,'Absent','2025-10-24 22:52:07'),(69,55,159,'Absent','2025-10-24 22:52:07'),(70,55,239,'Absent','2025-10-24 22:52:07'),(71,55,59,'Absent','2025-10-24 22:52:07'),(72,55,199,'Absent','2025-10-24 22:52:07'),(73,55,19,'Absent','2025-10-24 22:52:07'),(74,55,39,'Absent','2025-10-24 22:52:07'),(75,55,139,'Absent','2025-10-24 22:52:07'),(76,55,219,'Absent','2025-10-24 22:52:07'),(77,55,259,'Absent','2025-10-24 22:52:07'),(78,55,119,'Absent','2025-10-24 22:52:07'),(79,56,1,'Absent','2025-10-24 22:53:42'),(80,56,261,'Absent','2025-10-24 22:53:42'),(81,56,141,'Present','2025-10-24 22:53:42'),(82,56,21,'Present','2025-10-24 22:53:42'),(83,56,221,'Present','2025-10-24 22:53:42'),(84,56,41,'Absent','2025-10-24 22:53:42'),(86,56,121,'Absent','2025-10-24 22:53:42'),(87,56,181,'Absent','2025-10-24 22:53:42'),(88,56,81,'Absent','2025-10-24 22:53:42'),(89,56,201,'Absent','2025-10-24 22:53:42'),(90,56,161,'Absent','2025-10-24 22:53:42'),(91,56,241,'Absent','2025-10-24 22:53:42'),(92,56,251,'Absent','2025-10-24 22:53:42'),(93,56,11,'Absent','2025-10-24 22:53:42'),(94,56,231,'Absent','2025-10-24 22:53:42'),(95,56,131,'Absent','2025-10-24 22:53:42'),(96,56,171,'Absent','2025-10-24 22:53:42'),(97,56,61,'Absent','2025-10-24 22:53:42'),(98,56,51,'Absent','2025-10-24 22:53:42'),(99,56,71,'Absent','2025-10-24 22:53:42'),(100,56,31,'Absent','2025-10-24 22:53:42'),(101,56,91,'Absent','2025-10-24 22:53:42'),(102,56,211,'Absent','2025-10-24 22:53:42'),(103,56,111,'Absent','2025-10-24 22:53:42'),(104,56,151,'Absent','2025-10-24 22:53:42'),(105,56,191,'Absent','2025-10-24 22:53:42'),(106,57,1,'Absent','2025-10-24 22:53:53'),(107,57,261,'Absent','2025-10-24 22:53:53'),(108,57,141,'Absent','2025-10-24 22:53:53'),(109,57,21,'Present','2025-10-24 22:53:53'),(110,57,221,'Present','2025-10-24 22:53:53'),(111,57,41,'Absent','2025-10-24 22:53:53'),(113,57,121,'Absent','2025-10-24 22:53:53'),(114,57,181,'Absent','2025-10-24 22:53:53'),(115,57,81,'Absent','2025-10-24 22:53:53'),(116,57,201,'Absent','2025-10-24 22:53:53'),(117,57,161,'Absent','2025-10-24 22:53:53'),(118,57,241,'Absent','2025-10-24 22:53:53'),(119,57,251,'Absent','2025-10-24 22:53:53'),(120,57,11,'Absent','2025-10-24 22:53:53'),(121,57,231,'Absent','2025-10-24 22:53:53'),(122,57,131,'Absent','2025-10-24 22:53:53'),(123,57,171,'Absent','2025-10-24 22:53:53'),(124,57,61,'Absent','2025-10-24 22:53:53'),(125,57,51,'Absent','2025-10-24 22:53:53'),(126,57,71,'Absent','2025-10-24 22:53:53'),(127,57,31,'Absent','2025-10-24 22:53:53'),(128,57,91,'Absent','2025-10-24 22:53:53'),(129,57,211,'Absent','2025-10-24 22:53:53'),(130,57,111,'Absent','2025-10-24 22:53:53'),(131,57,151,'Absent','2025-10-24 22:53:53'),(132,57,191,'Absent','2025-10-24 22:53:53'),(133,58,1,'Present','2025-10-24 23:03:34'),(134,58,261,'Present','2025-10-24 23:03:34'),(135,58,141,'Present','2025-10-24 23:03:34'),(136,58,21,'Present','2025-10-24 23:03:34'),(137,58,221,'Absent','2025-10-24 23:03:34'),(138,58,41,'Absent','2025-10-24 23:03:34'),(140,58,121,'Absent','2025-10-24 23:03:34'),(141,58,181,'Absent','2025-10-24 23:03:34'),(142,58,81,'Absent','2025-10-24 23:03:34'),(143,58,201,'Absent','2025-10-24 23:03:34'),(144,58,161,'Absent','2025-10-24 23:03:34'),(145,58,241,'Absent','2025-10-24 23:03:34'),(146,58,251,'Absent','2025-10-24 23:03:34'),(147,58,11,'Absent','2025-10-24 23:03:34'),(148,58,231,'Absent','2025-10-24 23:03:34'),(149,58,131,'Absent','2025-10-24 23:03:34'),(150,58,171,'Absent','2025-10-24 23:03:34'),(151,58,61,'Absent','2025-10-24 23:03:34'),(152,58,51,'Absent','2025-10-24 23:03:34'),(153,58,71,'Absent','2025-10-24 23:03:34'),(154,58,31,'Absent','2025-10-24 23:03:34'),(155,58,91,'Absent','2025-10-24 23:03:34'),(156,58,211,'Absent','2025-10-24 23:03:34'),(157,58,111,'Absent','2025-10-24 23:03:34'),(158,58,151,'Absent','2025-10-24 23:03:34'),(159,58,191,'Absent','2025-10-24 23:03:34'),(160,59,1,'Absent','2025-10-24 23:03:45'),(161,59,261,'Present','2025-10-24 23:03:45'),(162,59,141,'Present','2025-10-24 23:03:45'),(163,59,21,'Absent','2025-10-24 23:03:45'),(164,59,221,'Absent','2025-10-24 23:03:45'),(165,59,41,'Absent','2025-10-24 23:03:45'),(167,59,121,'Absent','2025-10-24 23:03:45'),(168,59,181,'Absent','2025-10-24 23:03:45'),(169,59,81,'Absent','2025-10-24 23:03:45'),(170,59,201,'Absent','2025-10-24 23:03:45'),(171,59,161,'Absent','2025-10-24 23:03:45'),(172,59,241,'Absent','2025-10-24 23:03:45'),(173,59,251,'Absent','2025-10-24 23:03:45'),(174,59,11,'Absent','2025-10-24 23:03:45'),(175,59,231,'Absent','2025-10-24 23:03:45'),(176,59,131,'Absent','2025-10-24 23:03:45'),(177,59,171,'Absent','2025-10-24 23:03:45'),(178,59,61,'Absent','2025-10-24 23:03:45'),(179,59,51,'Absent','2025-10-24 23:03:45'),(180,59,71,'Absent','2025-10-24 23:03:45'),(181,59,31,'Absent','2025-10-24 23:03:45'),(182,59,91,'Absent','2025-10-24 23:03:45'),(183,59,211,'Absent','2025-10-24 23:03:45'),(184,59,111,'Absent','2025-10-24 23:03:45'),(185,59,151,'Absent','2025-10-24 23:03:45'),(186,59,191,'Absent','2025-10-24 23:03:45'),(187,60,277,'Absent','2025-10-24 23:06:13'),(188,60,285,'Present','2025-10-24 23:06:13'),(189,60,273,'Absent','2025-10-24 23:06:13'),(190,60,281,'Absent','2025-10-24 23:06:13'),(191,60,297,'Absent','2025-10-24 23:06:13'),(192,60,269,'Absent','2025-10-24 23:06:13'),(193,60,289,'Absent','2025-10-24 23:06:13'),(194,60,293,'Absent','2025-10-24 23:06:13'),(195,60,274,'Absent','2025-10-24 23:06:13'),(196,60,294,'Absent','2025-10-24 23:06:13'),(197,60,278,'Absent','2025-10-24 23:06:13'),(198,60,298,'Absent','2025-10-24 23:06:13'),(199,60,286,'Absent','2025-10-24 23:06:13'),(200,60,270,'Absent','2025-10-24 23:06:13'),(201,60,282,'Absent','2025-10-24 23:06:13'),(202,60,290,'Absent','2025-10-24 23:06:13'),(203,60,291,'Absent','2025-10-24 23:06:13'),(204,60,283,'Absent','2025-10-24 23:06:13'),(205,60,295,'Absent','2025-10-24 23:06:13'),(206,60,275,'Absent','2025-10-24 23:06:13'),(207,60,271,'Absent','2025-10-24 23:06:13'),(208,60,279,'Absent','2025-10-24 23:06:13'),(209,60,287,'Absent','2025-10-24 23:06:13'),(210,60,280,'Absent','2025-10-24 23:06:13'),(211,60,276,'Absent','2025-10-24 23:06:13'),(212,60,296,'Absent','2025-10-24 23:06:13'),(213,60,272,'Absent','2025-10-24 23:06:13'),(214,60,288,'Absent','2025-10-24 23:06:13'),(215,60,284,'Absent','2025-10-24 23:06:13'),(216,60,292,'Absent','2025-10-24 23:06:13'),(217,61,299,'Present','2025-10-24 23:45:44'),(218,61,300,'Absent','2025-10-24 23:45:44'),(219,61,301,'Absent','2025-10-24 23:45:44'),(220,61,302,'Absent','2025-10-24 23:45:44'),(221,61,303,'Absent','2025-10-24 23:45:44'),(222,61,304,'Absent','2025-10-24 23:45:44'),(223,61,305,'Absent','2025-10-24 23:45:44'),(224,61,306,'Absent','2025-10-24 23:45:44'),(225,61,307,'Absent','2025-10-24 23:45:44'),(226,61,308,'Absent','2025-10-24 23:45:44'),(227,61,309,'Absent','2025-10-24 23:45:44'),(228,61,310,'Absent','2025-10-24 23:45:44'),(229,61,311,'Absent','2025-10-24 23:45:44'),(230,61,312,'Absent','2025-10-24 23:45:44'),(231,61,313,'Absent','2025-10-24 23:45:44'),(232,61,314,'Absent','2025-10-24 23:45:44'),(233,61,315,'Absent','2025-10-24 23:45:44'),(234,61,316,'Absent','2025-10-24 23:45:44'),(235,61,317,'Absent','2025-10-24 23:45:44'),(236,61,318,'Absent','2025-10-24 23:45:44'),(237,61,319,'Absent','2025-10-24 23:45:44'),(238,61,320,'Absent','2025-10-24 23:45:44'),(239,61,321,'Absent','2025-10-24 23:45:44'),(240,61,322,'Absent','2025-10-24 23:45:44'),(241,61,323,'Absent','2025-10-24 23:45:44'),(242,61,324,'Absent','2025-10-24 23:45:44'),(243,61,325,'Absent','2025-10-24 23:45:44'),(244,61,326,'Absent','2025-10-24 23:45:44'),(245,61,327,'Absent','2025-10-24 23:45:44'),(246,61,328,'Absent','2025-10-24 23:45:44'),(247,61,406,'Absent','2025-10-24 23:45:44'),(248,61,407,'Absent','2025-10-24 23:45:44'),(249,61,408,'Absent','2025-10-24 23:45:44'),(250,61,409,'Absent','2025-10-24 23:45:44'),(251,61,410,'Absent','2025-10-24 23:45:44'),(252,61,411,'Absent','2025-10-24 23:45:44'),(253,61,412,'Absent','2025-10-24 23:45:44'),(254,61,413,'Absent','2025-10-24 23:45:44'),(255,61,414,'Absent','2025-10-24 23:45:45'),(256,61,415,'Absent','2025-10-24 23:45:45'),(257,61,416,'Absent','2025-10-24 23:45:45'),(258,61,417,'Absent','2025-10-24 23:45:45'),(259,61,418,'Absent','2025-10-24 23:45:45'),(260,61,419,'Absent','2025-10-24 23:45:45'),(261,61,420,'Absent','2025-10-24 23:45:45'),(262,61,421,'Absent','2025-10-24 23:45:45'),(263,61,422,'Absent','2025-10-24 23:45:45'),(264,61,423,'Absent','2025-10-24 23:45:45'),(265,61,424,'Absent','2025-10-24 23:45:45'),(266,61,425,'Absent','2025-10-24 23:45:45'),(267,61,426,'Absent','2025-10-24 23:45:45'),(268,61,427,'Absent','2025-10-24 23:45:45'),(269,61,428,'Absent','2025-10-24 23:45:45'),(270,61,429,'Absent','2025-10-24 23:45:45'),(271,61,430,'Absent','2025-10-24 23:45:45'),(272,61,431,'Absent','2025-10-24 23:45:45'),(273,61,432,'Absent','2025-10-24 23:45:45'),(274,61,433,'Absent','2025-10-24 23:45:45'),(275,61,434,'Absent','2025-10-24 23:45:45'),(276,61,435,'Absent','2025-10-24 23:45:45'),(277,61,436,'Absent','2025-10-24 23:45:45'),(278,61,437,'Absent','2025-10-24 23:45:45'),(279,61,438,'Absent','2025-10-24 23:45:45'),(280,61,439,'Absent','2025-10-24 23:45:45'),(281,61,440,'Absent','2025-10-24 23:45:45'),(282,61,441,'Absent','2025-10-24 23:45:45'),(283,61,442,'Absent','2025-10-24 23:45:45'),(284,61,443,'Absent','2025-10-24 23:45:45'),(285,62,269,'Present','2025-10-25 14:05:03'),(286,62,270,'Present','2025-10-25 14:05:03'),(287,62,271,'Present','2025-10-25 14:05:03'),(288,62,272,'Present','2025-10-25 14:05:03'),(289,62,273,'Present','2025-10-25 14:05:03'),(290,62,274,'Present','2025-10-25 14:05:03'),(291,62,275,'Present','2025-10-25 14:05:03'),(292,62,276,'Present','2025-10-25 14:05:03'),(293,62,277,'Absent','2025-10-25 14:05:03'),(294,62,278,'Absent','2025-10-25 14:05:03'),(295,62,279,'Present','2025-10-25 14:05:03'),(296,62,280,'Absent','2025-10-25 14:05:03'),(297,62,281,'Absent','2025-10-25 14:05:03'),(298,62,282,'Absent','2025-10-25 14:05:03'),(299,62,283,'Absent','2025-10-25 14:05:03'),(300,62,284,'Absent','2025-10-25 14:05:03'),(301,62,285,'Absent','2025-10-25 14:05:03'),(302,62,286,'Absent','2025-10-25 14:05:03'),(303,62,287,'Absent','2025-10-25 14:05:03'),(304,62,288,'Absent','2025-10-25 14:05:03'),(305,62,289,'Absent','2025-10-25 14:05:03'),(306,62,290,'Absent','2025-10-25 14:05:03'),(307,62,291,'Absent','2025-10-25 14:05:03'),(308,62,292,'Absent','2025-10-25 14:05:03'),(309,62,293,'Absent','2025-10-25 14:05:03'),(310,62,294,'Absent','2025-10-25 14:05:03'),(311,62,295,'Absent','2025-10-25 14:05:03'),(312,62,296,'Absent','2025-10-25 14:05:03'),(313,62,297,'Absent','2025-10-25 14:05:03'),(314,62,298,'Absent','2025-10-25 14:05:03'),(315,62,329,'Absent','2025-10-25 14:05:03'),(316,62,330,'Absent','2025-10-25 14:05:03'),(317,62,331,'Absent','2025-10-25 14:05:03'),(318,62,332,'Absent','2025-10-25 14:05:03'),(319,62,333,'Absent','2025-10-25 14:05:03'),(320,62,334,'Absent','2025-10-25 14:05:03'),(321,62,335,'Absent','2025-10-25 14:05:03'),(322,62,336,'Absent','2025-10-25 14:05:03'),(323,62,337,'Absent','2025-10-25 14:05:03'),(324,62,338,'Absent','2025-10-25 14:05:03'),(325,62,339,'Absent','2025-10-25 14:05:03'),(326,62,340,'Absent','2025-10-25 14:05:03'),(327,62,341,'Absent','2025-10-25 14:05:03'),(328,62,342,'Absent','2025-10-25 14:05:03'),(329,62,343,'Absent','2025-10-25 14:05:03'),(330,62,344,'Absent','2025-10-25 14:05:03'),(331,62,345,'Absent','2025-10-25 14:05:03'),(332,62,346,'Absent','2025-10-25 14:05:03'),(333,62,347,'Absent','2025-10-25 14:05:03'),(334,62,348,'Absent','2025-10-25 14:05:03'),(335,62,349,'Absent','2025-10-25 14:05:03'),(336,62,350,'Absent','2025-10-25 14:05:03'),(337,62,351,'Absent','2025-10-25 14:05:03'),(338,62,352,'Absent','2025-10-25 14:05:03'),(339,62,353,'Absent','2025-10-25 14:05:03'),(340,62,354,'Absent','2025-10-25 14:05:03'),(341,62,355,'Present','2025-10-25 14:05:03'),(342,62,356,'Present','2025-10-25 14:05:03'),(343,62,357,'Present','2025-10-25 14:05:03'),(344,62,358,'Present','2025-10-25 14:05:03'),(345,62,359,'Present','2025-10-25 14:05:03'),(346,62,360,'Present','2025-10-25 14:05:03'),(347,62,361,'Present','2025-10-25 14:05:03'),(348,62,362,'Present','2025-10-25 14:05:03'),(349,62,363,'Present','2025-10-25 14:05:03'),(350,62,364,'Present','2025-10-25 14:05:03'),(351,62,365,'Present','2025-10-25 14:05:03'),(352,62,366,'Present','2025-10-25 14:05:03'),(353,62,367,'Present','2025-10-25 14:05:03'),(354,63,269,'Present','2025-10-25 14:05:39'),(355,63,270,'Present','2025-10-25 14:05:39'),(356,63,271,'Absent','2025-10-25 14:05:39'),(357,63,272,'Present','2025-10-25 14:05:39'),(358,63,273,'Absent','2025-10-25 14:05:39'),(359,63,274,'Absent','2025-10-25 14:05:39'),(360,63,275,'Absent','2025-10-25 14:05:39'),(361,63,276,'Absent','2025-10-25 14:05:39'),(362,63,277,'Absent','2025-10-25 14:05:39'),(363,63,278,'Absent','2025-10-25 14:05:39'),(364,63,279,'Absent','2025-10-25 14:05:39'),(365,63,280,'Absent','2025-10-25 14:05:39'),(366,63,281,'Absent','2025-10-25 14:05:39'),(367,63,282,'Absent','2025-10-25 14:05:39'),(368,63,283,'Absent','2025-10-25 14:05:39'),(369,63,284,'Absent','2025-10-25 14:05:39'),(370,63,285,'Absent','2025-10-25 14:05:39'),(371,63,286,'Absent','2025-10-25 14:05:39'),(372,63,287,'Absent','2025-10-25 14:05:39'),(373,63,288,'Absent','2025-10-25 14:05:39'),(374,63,289,'Absent','2025-10-25 14:05:39'),(375,63,290,'Absent','2025-10-25 14:05:39'),(376,63,291,'Absent','2025-10-25 14:05:39'),(377,63,292,'Absent','2025-10-25 14:05:39'),(378,63,293,'Absent','2025-10-25 14:05:39'),(379,63,294,'Absent','2025-10-25 14:05:39'),(380,63,295,'Absent','2025-10-25 14:05:39'),(381,63,296,'Absent','2025-10-25 14:05:39'),(382,63,297,'Absent','2025-10-25 14:05:39'),(383,63,298,'Absent','2025-10-25 14:05:39'),(384,63,329,'Absent','2025-10-25 14:05:39'),(385,63,330,'Absent','2025-10-25 14:05:39'),(386,63,331,'Absent','2025-10-25 14:05:39'),(387,63,332,'Absent','2025-10-25 14:05:39'),(388,63,333,'Absent','2025-10-25 14:05:39'),(389,63,334,'Absent','2025-10-25 14:05:39'),(390,63,335,'Absent','2025-10-25 14:05:39'),(391,63,336,'Absent','2025-10-25 14:05:39'),(392,63,337,'Absent','2025-10-25 14:05:39'),(393,63,338,'Absent','2025-10-25 14:05:39'),(394,63,339,'Absent','2025-10-25 14:05:39'),(395,63,340,'Absent','2025-10-25 14:05:39'),(396,63,341,'Absent','2025-10-25 14:05:39'),(397,63,342,'Absent','2025-10-25 14:05:39'),(398,63,343,'Absent','2025-10-25 14:05:39'),(399,63,344,'Absent','2025-10-25 14:05:39'),(400,63,345,'Absent','2025-10-25 14:05:39'),(401,63,346,'Absent','2025-10-25 14:05:39'),(402,63,347,'Absent','2025-10-25 14:05:39'),(403,63,348,'Absent','2025-10-25 14:05:39'),(404,63,349,'Absent','2025-10-25 14:05:39'),(405,63,350,'Absent','2025-10-25 14:05:39'),(406,63,351,'Absent','2025-10-25 14:05:39'),(407,63,352,'Absent','2025-10-25 14:05:39'),(408,63,353,'Absent','2025-10-25 14:05:39'),(409,63,354,'Absent','2025-10-25 14:05:39'),(410,63,355,'Absent','2025-10-25 14:05:39'),(411,63,356,'Absent','2025-10-25 14:05:39'),(412,63,357,'Absent','2025-10-25 14:05:39'),(413,63,358,'Absent','2025-10-25 14:05:39'),(414,63,359,'Absent','2025-10-25 14:05:39'),(415,63,360,'Absent','2025-10-25 14:05:39'),(416,63,361,'Absent','2025-10-25 14:05:39'),(417,63,362,'Absent','2025-10-25 14:05:39'),(418,63,363,'Absent','2025-10-25 14:05:39'),(419,63,364,'Present','2025-10-25 14:05:39'),(420,63,365,'Present','2025-10-25 14:05:39'),(421,63,366,'Present','2025-10-25 14:05:39'),(422,63,367,'Present','2025-10-25 14:05:39'),(423,64,269,'Absent','2025-10-25 14:06:23'),(424,64,270,'Absent','2025-10-25 14:06:23'),(425,64,271,'Absent','2025-10-25 14:06:23'),(426,64,272,'Absent','2025-10-25 14:06:23'),(427,64,273,'Absent','2025-10-25 14:06:23'),(428,64,274,'Absent','2025-10-25 14:06:23'),(429,64,275,'Absent','2025-10-25 14:06:23'),(430,64,276,'Absent','2025-10-25 14:06:23'),(431,64,277,'Absent','2025-10-25 14:06:23'),(432,64,278,'Absent','2025-10-25 14:06:23'),(433,64,279,'Absent','2025-10-25 14:06:23'),(434,64,280,'Absent','2025-10-25 14:06:23'),(435,64,281,'Absent','2025-10-25 14:06:23'),(436,64,282,'Absent','2025-10-25 14:06:23'),(437,64,283,'Present','2025-10-25 14:06:23'),(438,64,284,'Absent','2025-10-25 14:06:23'),(439,64,285,'Absent','2025-10-25 14:06:23'),(440,64,286,'Absent','2025-10-25 14:06:23'),(441,64,287,'Absent','2025-10-25 14:06:23'),(442,64,288,'Absent','2025-10-25 14:06:23'),(443,64,289,'Absent','2025-10-25 14:06:23'),(444,64,290,'Absent','2025-10-25 14:06:23'),(445,64,291,'Absent','2025-10-25 14:06:23'),(446,64,292,'Absent','2025-10-25 14:06:23'),(447,64,293,'Absent','2025-10-25 14:06:23'),(448,64,294,'Absent','2025-10-25 14:06:23'),(449,64,295,'Absent','2025-10-25 14:06:23'),(450,64,296,'Present','2025-10-25 14:06:23'),(451,64,297,'Present','2025-10-25 14:06:23'),(452,64,298,'Present','2025-10-25 14:06:23'),(453,64,329,'Present','2025-10-25 14:06:23'),(454,64,330,'Present','2025-10-25 14:06:23'),(455,64,331,'Present','2025-10-25 14:06:23'),(456,64,332,'Present','2025-10-25 14:06:23'),(457,64,333,'Present','2025-10-25 14:06:23'),(458,64,334,'Present','2025-10-25 14:06:23'),(459,64,335,'Present','2025-10-25 14:06:23'),(460,64,336,'Present','2025-10-25 14:06:23'),(461,64,337,'Present','2025-10-25 14:06:23'),(462,64,338,'Absent','2025-10-25 14:06:23'),(463,64,339,'Absent','2025-10-25 14:06:23'),(464,64,340,'Present','2025-10-25 14:06:23'),(465,64,341,'Present','2025-10-25 14:06:23'),(466,64,342,'Present','2025-10-25 14:06:23'),(467,64,343,'Present','2025-10-25 14:06:23'),(468,64,344,'Absent','2025-10-25 14:06:23'),(469,64,345,'Absent','2025-10-25 14:06:23'),(470,64,346,'Absent','2025-10-25 14:06:23'),(471,64,347,'Absent','2025-10-25 14:06:23'),(472,64,348,'Absent','2025-10-25 14:06:23'),(473,64,349,'Absent','2025-10-25 14:06:23'),(474,64,350,'Absent','2025-10-25 14:06:23'),(475,64,351,'Absent','2025-10-25 14:06:23'),(476,64,352,'Absent','2025-10-25 14:06:23'),(477,64,353,'Absent','2025-10-25 14:06:23'),(478,64,354,'Absent','2025-10-25 14:06:23'),(479,64,355,'Absent','2025-10-25 14:06:23'),(480,64,356,'Absent','2025-10-25 14:06:23'),(481,64,357,'Absent','2025-10-25 14:06:23'),(482,64,358,'Absent','2025-10-25 14:06:23'),(483,64,359,'Absent','2025-10-25 14:06:23'),(484,64,360,'Absent','2025-10-25 14:06:23'),(485,64,361,'Absent','2025-10-25 14:06:23'),(486,64,362,'Absent','2025-10-25 14:06:23'),(487,64,363,'Absent','2025-10-25 14:06:23'),(488,64,364,'Absent','2025-10-25 14:06:23'),(489,64,365,'Absent','2025-10-25 14:06:23'),(490,64,366,'Absent','2025-10-25 14:06:23'),(491,64,367,'Absent','2025-10-25 14:06:23'),(492,65,299,'Absent','2025-10-25 14:52:13'),(493,65,300,'Present','2025-10-25 14:52:13'),(494,65,301,'Present','2025-10-25 14:52:13'),(495,65,302,'Absent','2025-10-25 14:52:13'),(496,65,303,'Absent','2025-10-25 14:52:13'),(497,65,304,'Absent','2025-10-25 14:52:13'),(498,65,305,'Absent','2025-10-25 14:52:13'),(499,65,306,'Absent','2025-10-25 14:52:13'),(500,65,307,'Absent','2025-10-25 14:52:13'),(501,65,308,'Absent','2025-10-25 14:52:13'),(502,65,309,'Absent','2025-10-25 14:52:13'),(503,65,310,'Absent','2025-10-25 14:52:13'),(504,65,311,'Absent','2025-10-25 14:52:13'),(505,65,312,'Absent','2025-10-25 14:52:13'),(506,65,313,'Absent','2025-10-25 14:52:13'),(507,65,314,'Absent','2025-10-25 14:52:13'),(508,65,315,'Absent','2025-10-25 14:52:13'),(509,65,316,'Absent','2025-10-25 14:52:13'),(510,65,317,'Absent','2025-10-25 14:52:13'),(511,65,318,'Absent','2025-10-25 14:52:13'),(512,65,319,'Absent','2025-10-25 14:52:13'),(513,65,320,'Absent','2025-10-25 14:52:13'),(514,65,321,'Absent','2025-10-25 14:52:13'),(515,65,322,'Absent','2025-10-25 14:52:13'),(516,65,323,'Absent','2025-10-25 14:52:13'),(517,65,324,'Absent','2025-10-25 14:52:14'),(518,65,325,'Absent','2025-10-25 14:52:14'),(519,65,326,'Absent','2025-10-25 14:52:14'),(520,65,327,'Absent','2025-10-25 14:52:14'),(521,65,328,'Absent','2025-10-25 14:52:14'),(522,65,406,'Absent','2025-10-25 14:52:14'),(523,65,407,'Absent','2025-10-25 14:52:14'),(524,65,408,'Absent','2025-10-25 14:52:14'),(525,65,409,'Absent','2025-10-25 14:52:14'),(526,65,410,'Absent','2025-10-25 14:52:14'),(527,65,411,'Absent','2025-10-25 14:52:14'),(528,65,412,'Absent','2025-10-25 14:52:14'),(529,65,413,'Absent','2025-10-25 14:52:14'),(530,65,414,'Absent','2025-10-25 14:52:14'),(531,65,415,'Absent','2025-10-25 14:52:14'),(532,65,416,'Absent','2025-10-25 14:52:14'),(533,65,417,'Absent','2025-10-25 14:52:14'),(534,65,418,'Absent','2025-10-25 14:52:14'),(535,65,419,'Absent','2025-10-25 14:52:14'),(536,65,420,'Absent','2025-10-25 14:52:14'),(537,65,421,'Absent','2025-10-25 14:52:14'),(538,65,422,'Absent','2025-10-25 14:52:14'),(539,65,423,'Absent','2025-10-25 14:52:14'),(540,65,424,'Absent','2025-10-25 14:52:14'),(541,65,425,'Absent','2025-10-25 14:52:14'),(542,65,426,'Absent','2025-10-25 14:52:14'),(543,65,427,'Absent','2025-10-25 14:52:14'),(544,65,428,'Absent','2025-10-25 14:52:14'),(545,65,429,'Absent','2025-10-25 14:52:14'),(546,65,430,'Absent','2025-10-25 14:52:14'),(547,65,431,'Absent','2025-10-25 14:52:14'),(548,65,432,'Absent','2025-10-25 14:52:14'),(549,65,433,'Absent','2025-10-25 14:52:14'),(550,65,434,'Absent','2025-10-25 14:52:14'),(551,65,435,'Absent','2025-10-25 14:52:14'),(552,65,436,'Absent','2025-10-25 14:52:14'),(553,65,437,'Absent','2025-10-25 14:52:14'),(554,65,438,'Absent','2025-10-25 14:52:14'),(555,65,439,'Absent','2025-10-25 14:52:14'),(556,65,440,'Absent','2025-10-25 14:52:14'),(557,65,441,'Absent','2025-10-25 14:52:14'),(558,65,442,'Absent','2025-10-25 14:52:14'),(559,65,443,'Absent','2025-10-25 14:52:14'),(560,66,299,'Absent','2025-10-27 19:35:18'),(561,66,300,'Present','2025-10-27 19:35:18'),(562,66,301,'Present','2025-10-27 19:35:18'),(563,66,302,'Absent','2025-10-27 19:35:18'),(564,66,303,'Absent','2025-10-27 19:35:18'),(565,66,304,'Absent','2025-10-27 19:35:18'),(566,66,305,'Absent','2025-10-27 19:35:18'),(567,66,306,'Absent','2025-10-27 19:35:18'),(568,66,307,'Absent','2025-10-27 19:35:18'),(569,66,308,'Absent','2025-10-27 19:35:18'),(570,66,309,'Absent','2025-10-27 19:35:18'),(571,66,310,'Absent','2025-10-27 19:35:18'),(572,66,311,'Absent','2025-10-27 19:35:18'),(573,66,312,'Absent','2025-10-27 19:35:18'),(574,66,313,'Absent','2025-10-27 19:35:18'),(575,66,314,'Absent','2025-10-27 19:35:18'),(576,66,315,'Absent','2025-10-27 19:35:18'),(577,66,316,'Absent','2025-10-27 19:35:18'),(578,66,317,'Absent','2025-10-27 19:35:18'),(579,66,318,'Absent','2025-10-27 19:35:18'),(580,66,319,'Absent','2025-10-27 19:35:18'),(581,66,320,'Absent','2025-10-27 19:35:18'),(582,66,321,'Absent','2025-10-27 19:35:18'),(583,66,322,'Absent','2025-10-27 19:35:18'),(584,66,323,'Absent','2025-10-27 19:35:18'),(585,66,324,'Absent','2025-10-27 19:35:18'),(586,66,325,'Absent','2025-10-27 19:35:18'),(587,66,326,'Absent','2025-10-27 19:35:18'),(588,66,327,'Absent','2025-10-27 19:35:18'),(589,66,328,'Absent','2025-10-27 19:35:18'),(590,66,406,'Absent','2025-10-27 19:35:18'),(591,66,407,'Absent','2025-10-27 19:35:18'),(592,66,408,'Absent','2025-10-27 19:35:18'),(593,66,409,'Absent','2025-10-27 19:35:18'),(594,66,410,'Absent','2025-10-27 19:35:18'),(595,66,411,'Absent','2025-10-27 19:35:18'),(596,66,412,'Absent','2025-10-27 19:35:18'),(597,66,413,'Absent','2025-10-27 19:35:18'),(598,66,414,'Absent','2025-10-27 19:35:18'),(599,66,415,'Absent','2025-10-27 19:35:18'),(600,66,416,'Absent','2025-10-27 19:35:18'),(601,66,417,'Absent','2025-10-27 19:35:18'),(602,66,418,'Absent','2025-10-27 19:35:18'),(603,66,419,'Absent','2025-10-27 19:35:18'),(604,66,420,'Absent','2025-10-27 19:35:18'),(605,66,421,'Absent','2025-10-27 19:35:18'),(606,66,422,'Absent','2025-10-27 19:35:18'),(607,66,423,'Absent','2025-10-27 19:35:18'),(608,66,424,'Absent','2025-10-27 19:35:18'),(609,66,425,'Absent','2025-10-27 19:35:18'),(610,66,426,'Absent','2025-10-27 19:35:18'),(611,66,427,'Absent','2025-10-27 19:35:18'),(612,66,428,'Absent','2025-10-27 19:35:18'),(613,66,429,'Absent','2025-10-27 19:35:18'),(614,66,430,'Absent','2025-10-27 19:35:18'),(615,66,431,'Absent','2025-10-27 19:35:18'),(616,66,432,'Absent','2025-10-27 19:35:18'),(617,66,433,'Absent','2025-10-27 19:35:18'),(618,66,434,'Absent','2025-10-27 19:35:18'),(619,66,435,'Absent','2025-10-27 19:35:18'),(620,66,436,'Absent','2025-10-27 19:35:18'),(621,66,437,'Absent','2025-10-27 19:35:18'),(622,66,438,'Absent','2025-10-27 19:35:18'),(623,66,439,'Absent','2025-10-27 19:35:18'),(624,66,440,'Absent','2025-10-27 19:35:18'),(625,66,441,'Absent','2025-10-27 19:35:18'),(626,66,442,'Absent','2025-10-27 19:35:18'),(627,66,443,'Absent','2025-10-27 19:35:18'),(628,67,299,'Present','2025-10-28 11:47:21'),(629,67,300,'Present','2025-10-28 11:47:21'),(630,67,301,'Absent','2025-10-28 11:47:21'),(631,67,302,'Absent','2025-10-28 11:47:21'),(632,67,303,'Absent','2025-10-28 11:47:21'),(633,67,304,'Absent','2025-10-28 11:47:21'),(634,67,305,'Absent','2025-10-28 11:47:21'),(635,67,306,'Absent','2025-10-28 11:47:21'),(636,67,307,'Absent','2025-10-28 11:47:21'),(637,67,308,'Absent','2025-10-28 11:47:21'),(638,67,309,'Absent','2025-10-28 11:47:21'),(639,67,310,'Absent','2025-10-28 11:47:21'),(640,67,311,'Absent','2025-10-28 11:47:21'),(641,67,312,'Absent','2025-10-28 11:47:21'),(642,67,313,'Absent','2025-10-28 11:47:21'),(643,67,314,'Absent','2025-10-28 11:47:21'),(644,67,315,'Absent','2025-10-28 11:47:21'),(645,67,316,'Absent','2025-10-28 11:47:21'),(646,67,317,'Absent','2025-10-28 11:47:21'),(647,67,318,'Absent','2025-10-28 11:47:21'),(648,67,319,'Absent','2025-10-28 11:47:21'),(649,67,320,'Absent','2025-10-28 11:47:21'),(650,67,321,'Absent','2025-10-28 11:47:21'),(651,67,322,'Absent','2025-10-28 11:47:21'),(652,67,323,'Absent','2025-10-28 11:47:21'),(653,67,324,'Absent','2025-10-28 11:47:21'),(654,67,325,'Absent','2025-10-28 11:47:21'),(655,67,326,'Absent','2025-10-28 11:47:21'),(656,67,327,'Absent','2025-10-28 11:47:21'),(657,67,328,'Absent','2025-10-28 11:47:21'),(658,67,406,'Absent','2025-10-28 11:47:21'),(659,67,407,'Absent','2025-10-28 11:47:21'),(660,67,408,'Absent','2025-10-28 11:47:21'),(661,67,409,'Absent','2025-10-28 11:47:21'),(662,67,410,'Absent','2025-10-28 11:47:21'),(663,67,411,'Absent','2025-10-28 11:47:21'),(664,67,412,'Absent','2025-10-28 11:47:21'),(665,67,413,'Absent','2025-10-28 11:47:21'),(666,67,414,'Absent','2025-10-28 11:47:21'),(667,67,415,'Absent','2025-10-28 11:47:21'),(668,67,416,'Absent','2025-10-28 11:47:21'),(669,67,417,'Absent','2025-10-28 11:47:21'),(670,67,418,'Absent','2025-10-28 11:47:21'),(671,67,419,'Absent','2025-10-28 11:47:21'),(672,67,420,'Absent','2025-10-28 11:47:21'),(673,67,421,'Absent','2025-10-28 11:47:21'),(674,67,422,'Absent','2025-10-28 11:47:21'),(675,67,423,'Absent','2025-10-28 11:47:21'),(676,67,424,'Absent','2025-10-28 11:47:21'),(677,67,425,'Absent','2025-10-28 11:47:21'),(678,67,426,'Absent','2025-10-28 11:47:21'),(679,67,427,'Absent','2025-10-28 11:47:21'),(680,67,428,'Absent','2025-10-28 11:47:21'),(681,67,429,'Absent','2025-10-28 11:47:21'),(682,67,430,'Absent','2025-10-28 11:47:21'),(683,67,431,'Absent','2025-10-28 11:47:21'),(684,67,432,'Absent','2025-10-28 11:47:21'),(685,67,433,'Absent','2025-10-28 11:47:21'),(686,67,434,'Absent','2025-10-28 11:47:21'),(687,67,435,'Absent','2025-10-28 11:47:21'),(688,67,436,'Absent','2025-10-28 11:47:21'),(689,67,437,'Absent','2025-10-28 11:47:21'),(690,67,438,'Absent','2025-10-28 11:47:21'),(691,67,439,'Absent','2025-10-28 11:47:21'),(692,67,440,'Absent','2025-10-28 11:47:21'),(693,67,441,'Absent','2025-10-28 11:47:21'),(694,67,442,'Absent','2025-10-28 11:47:21'),(695,67,443,'Absent','2025-10-28 11:47:21'),(696,68,269,'Present','2025-10-29 09:16:26'),(697,68,270,'Present','2025-10-29 09:16:26'),(698,68,271,'Absent','2025-10-29 09:16:26'),(699,68,272,'Absent','2025-10-29 09:16:26'),(700,68,273,'Absent','2025-10-29 09:16:26'),(701,68,274,'Absent','2025-10-29 09:16:26'),(702,68,275,'Absent','2025-10-29 09:16:26'),(703,68,276,'Absent','2025-10-29 09:16:26'),(704,68,277,'Absent','2025-10-29 09:16:26'),(705,68,278,'Absent','2025-10-29 09:16:26'),(706,68,279,'Absent','2025-10-29 09:16:26'),(707,68,280,'Absent','2025-10-29 09:16:26'),(708,68,281,'Absent','2025-10-29 09:16:26'),(709,68,282,'Absent','2025-10-29 09:16:26'),(710,68,283,'Absent','2025-10-29 09:16:26'),(711,68,284,'Absent','2025-10-29 09:16:26'),(712,68,285,'Absent','2025-10-29 09:16:26'),(713,68,286,'Absent','2025-10-29 09:16:26'),(714,68,287,'Absent','2025-10-29 09:16:26'),(715,68,288,'Absent','2025-10-29 09:16:26'),(716,68,289,'Absent','2025-10-29 09:16:26'),(717,68,290,'Absent','2025-10-29 09:16:26'),(718,68,291,'Absent','2025-10-29 09:16:26'),(719,68,292,'Absent','2025-10-29 09:16:26'),(720,68,293,'Absent','2025-10-29 09:16:26'),(721,68,294,'Absent','2025-10-29 09:16:26'),(722,68,295,'Absent','2025-10-29 09:16:26'),(723,68,296,'Absent','2025-10-29 09:16:26'),(724,68,297,'Absent','2025-10-29 09:16:26'),(725,68,298,'Absent','2025-10-29 09:16:26'),(726,68,329,'Absent','2025-10-29 09:16:26'),(727,68,330,'Absent','2025-10-29 09:16:26'),(728,68,331,'Absent','2025-10-29 09:16:26'),(729,68,332,'Absent','2025-10-29 09:16:26'),(730,68,333,'Absent','2025-10-29 09:16:26'),(731,68,334,'Absent','2025-10-29 09:16:26'),(732,68,335,'Absent','2025-10-29 09:16:26'),(733,68,336,'Absent','2025-10-29 09:16:26'),(734,68,337,'Absent','2025-10-29 09:16:26'),(735,68,338,'Absent','2025-10-29 09:16:26'),(736,68,339,'Absent','2025-10-29 09:16:26'),(737,68,340,'Absent','2025-10-29 09:16:26'),(738,68,341,'Absent','2025-10-29 09:16:26'),(739,68,342,'Absent','2025-10-29 09:16:26'),(740,68,343,'Absent','2025-10-29 09:16:26'),(741,68,344,'Absent','2025-10-29 09:16:26'),(742,68,345,'Absent','2025-10-29 09:16:26'),(743,68,346,'Absent','2025-10-29 09:16:26'),(744,68,347,'Absent','2025-10-29 09:16:26'),(745,68,348,'Absent','2025-10-29 09:16:26'),(746,68,349,'Absent','2025-10-29 09:16:26'),(747,68,350,'Absent','2025-10-29 09:16:26'),(748,68,351,'Absent','2025-10-29 09:16:26'),(749,68,352,'Absent','2025-10-29 09:16:26'),(750,68,353,'Absent','2025-10-29 09:16:26'),(751,68,354,'Absent','2025-10-29 09:16:26'),(752,68,355,'Absent','2025-10-29 09:16:26'),(753,68,356,'Absent','2025-10-29 09:16:26'),(754,68,357,'Absent','2025-10-29 09:16:26'),(755,68,358,'Absent','2025-10-29 09:16:26'),(756,68,359,'Absent','2025-10-29 09:16:26'),(757,68,360,'Absent','2025-10-29 09:16:26'),(758,68,361,'Absent','2025-10-29 09:16:26'),(759,68,362,'Absent','2025-10-29 09:16:26'),(760,68,363,'Absent','2025-10-29 09:16:26'),(761,68,364,'Absent','2025-10-29 09:16:26'),(762,68,365,'Absent','2025-10-29 09:16:26'),(763,68,366,'Absent','2025-10-29 09:16:26'),(764,68,367,'Absent','2025-10-29 09:16:26'),(765,69,299,'Absent','2025-11-01 22:38:29'),(766,69,300,'Absent','2025-11-01 22:38:29'),(767,69,301,'Absent','2025-11-01 22:38:29'),(768,69,302,'Absent','2025-11-01 22:38:29'),(769,69,303,'Absent','2025-11-01 22:38:29'),(770,69,304,'Absent','2025-11-01 22:38:29'),(771,69,305,'Absent','2025-11-01 22:38:29'),(772,69,306,'Absent','2025-11-01 22:38:29'),(773,69,307,'Absent','2025-11-01 22:38:29'),(774,69,308,'Absent','2025-11-01 22:38:29'),(775,69,309,'Absent','2025-11-01 22:38:29'),(776,69,310,'Present','2025-11-01 22:38:29'),(777,69,311,'Absent','2025-11-01 22:38:29'),(778,69,312,'Absent','2025-11-01 22:38:29'),(779,69,313,'Absent','2025-11-01 22:38:29'),(780,69,314,'Absent','2025-11-01 22:38:29'),(781,69,315,'Absent','2025-11-01 22:38:29'),(782,69,316,'Absent','2025-11-01 22:38:29'),(783,69,317,'Absent','2025-11-01 22:38:29'),(784,69,318,'Absent','2025-11-01 22:38:29'),(785,69,319,'Absent','2025-11-01 22:38:29'),(786,69,320,'Absent','2025-11-01 22:38:29'),(787,69,321,'Absent','2025-11-01 22:38:29'),(788,69,322,'Absent','2025-11-01 22:38:29'),(789,69,323,'Absent','2025-11-01 22:38:29'),(790,69,324,'Present','2025-11-01 22:38:29'),(791,69,325,'Absent','2025-11-01 22:38:29'),(792,69,326,'Absent','2025-11-01 22:38:29'),(793,69,327,'Absent','2025-11-01 22:38:29'),(794,69,328,'Absent','2025-11-01 22:38:29'),(795,69,406,'Present','2025-11-01 22:38:29'),(796,69,407,'Absent','2025-11-01 22:38:29'),(797,69,408,'Absent','2025-11-01 22:38:29'),(798,69,409,'Absent','2025-11-01 22:38:29'),(799,69,410,'Absent','2025-11-01 22:38:29'),(800,69,411,'Absent','2025-11-01 22:38:29'),(801,69,412,'Absent','2025-11-01 22:38:29'),(802,69,413,'Absent','2025-11-01 22:38:29'),(803,69,414,'Absent','2025-11-01 22:38:29'),(804,69,415,'Absent','2025-11-01 22:38:29'),(805,69,416,'Absent','2025-11-01 22:38:29'),(806,69,417,'Absent','2025-11-01 22:38:29'),(807,69,418,'Absent','2025-11-01 22:38:29'),(808,69,419,'Absent','2025-11-01 22:38:29'),(809,69,420,'Absent','2025-11-01 22:38:29'),(810,69,421,'Absent','2025-11-01 22:38:29'),(811,69,422,'Absent','2025-11-01 22:38:29'),(812,69,423,'Absent','2025-11-01 22:38:29'),(813,69,424,'Absent','2025-11-01 22:38:29'),(814,69,425,'Absent','2025-11-01 22:38:29'),(815,69,426,'Absent','2025-11-01 22:38:29'),(816,69,427,'Absent','2025-11-01 22:38:29'),(817,69,428,'Absent','2025-11-01 22:38:29'),(818,69,429,'Absent','2025-11-01 22:38:29'),(819,69,430,'Absent','2025-11-01 22:38:29'),(820,69,431,'Absent','2025-11-01 22:38:29'),(821,69,432,'Absent','2025-11-01 22:38:29'),(822,69,433,'Absent','2025-11-01 22:38:29'),(823,69,434,'Absent','2025-11-01 22:38:29'),(824,69,435,'Absent','2025-11-01 22:38:29'),(825,69,436,'Absent','2025-11-01 22:38:29'),(826,69,437,'Absent','2025-11-01 22:38:29'),(827,69,438,'Absent','2025-11-01 22:38:29'),(828,69,439,'Absent','2025-11-01 22:38:29'),(829,69,440,'Absent','2025-11-01 22:38:29'),(830,69,441,'Absent','2025-11-01 22:38:29'),(831,69,442,'Absent','2025-11-01 22:38:29'),(832,69,443,'Absent','2025-11-01 22:38:29'),(833,70,299,'Present','2025-11-02 13:34:27'),(834,70,300,'Present','2025-11-02 13:34:27'),(835,70,301,'Present','2025-11-02 13:34:27'),(836,70,302,'Absent','2025-11-02 13:34:27'),(837,70,303,'Absent','2025-11-02 13:34:27'),(838,70,304,'Absent','2025-11-02 13:34:27'),(839,70,305,'Absent','2025-11-02 13:34:27'),(840,70,306,'Absent','2025-11-02 13:34:27'),(841,70,307,'Absent','2025-11-02 13:34:27'),(842,70,308,'Absent','2025-11-02 13:34:27'),(843,70,309,'Present','2025-11-02 13:34:27'),(844,70,310,'Present','2025-11-02 13:34:27'),(845,70,311,'Present','2025-11-02 13:34:27'),(846,70,312,'Present','2025-11-02 13:34:27'),(847,70,313,'Present','2025-11-02 13:34:27'),(848,70,314,'Present','2025-11-02 13:34:27'),(849,70,315,'Present','2025-11-02 13:34:27'),(850,70,316,'Present','2025-11-02 13:34:27'),(851,70,317,'Absent','2025-11-02 13:34:27'),(852,70,318,'Absent','2025-11-02 13:34:27'),(853,70,319,'Absent','2025-11-02 13:34:27'),(854,70,320,'Absent','2025-11-02 13:34:27'),(855,70,321,'Absent','2025-11-02 13:34:27'),(856,70,322,'Absent','2025-11-02 13:34:27'),(857,70,323,'Absent','2025-11-02 13:34:27'),(858,70,324,'Absent','2025-11-02 13:34:27'),(859,70,325,'Absent','2025-11-02 13:34:27'),(860,70,326,'Absent','2025-11-02 13:34:27'),(861,70,327,'Absent','2025-11-02 13:34:27'),(862,70,328,'Absent','2025-11-02 13:34:27'),(863,70,406,'Absent','2025-11-02 13:34:27'),(864,70,407,'Absent','2025-11-02 13:34:27'),(865,70,408,'Absent','2025-11-02 13:34:27'),(866,70,409,'Absent','2025-11-02 13:34:27'),(867,70,410,'Absent','2025-11-02 13:34:27'),(868,70,411,'Absent','2025-11-02 13:34:27'),(869,70,412,'Absent','2025-11-02 13:34:27'),(870,70,413,'Absent','2025-11-02 13:34:27'),(871,70,414,'Absent','2025-11-02 13:34:27'),(872,70,415,'Absent','2025-11-02 13:34:27'),(873,70,416,'Absent','2025-11-02 13:34:27'),(874,70,417,'Absent','2025-11-02 13:34:27'),(875,70,418,'Absent','2025-11-02 13:34:27'),(876,70,419,'Absent','2025-11-02 13:34:27'),(877,70,420,'Absent','2025-11-02 13:34:27'),(878,70,421,'Absent','2025-11-02 13:34:27'),(879,70,422,'Absent','2025-11-02 13:34:27'),(880,70,423,'Absent','2025-11-02 13:34:27'),(881,70,424,'Absent','2025-11-02 13:34:27'),(882,70,425,'Absent','2025-11-02 13:34:27'),(883,70,426,'Absent','2025-11-02 13:34:27'),(884,70,427,'Absent','2025-11-02 13:34:27'),(885,70,428,'Absent','2025-11-02 13:34:27'),(886,70,429,'Absent','2025-11-02 13:34:27'),(887,70,430,'Absent','2025-11-02 13:34:27'),(888,70,431,'Absent','2025-11-02 13:34:27'),(889,70,432,'Absent','2025-11-02 13:34:27'),(890,70,433,'Absent','2025-11-02 13:34:27'),(891,70,434,'Absent','2025-11-02 13:34:27'),(892,70,435,'Absent','2025-11-02 13:34:27'),(893,70,436,'Absent','2025-11-02 13:34:27'),(894,70,437,'Absent','2025-11-02 13:34:27'),(895,70,438,'Absent','2025-11-02 13:34:27'),(896,70,439,'Absent','2025-11-02 13:34:27'),(897,70,440,'Absent','2025-11-02 13:34:27'),(898,70,441,'Absent','2025-11-02 13:34:27'),(899,70,442,'Absent','2025-11-02 13:34:27'),(900,70,443,'Absent','2025-11-02 13:34:27'),(901,71,299,'Present','2025-11-03 11:36:09'),(902,71,300,'Present','2025-11-03 11:36:09'),(903,71,301,'Absent','2025-11-03 11:36:09'),(904,71,302,'Absent','2025-11-03 11:36:09'),(905,71,303,'Absent','2025-11-03 11:36:09'),(906,71,304,'Absent','2025-11-03 11:36:09'),(907,71,305,'Absent','2025-11-03 11:36:09'),(908,71,306,'Absent','2025-11-03 11:36:09'),(909,71,307,'Absent','2025-11-03 11:36:09'),(910,71,308,'Absent','2025-11-03 11:36:09'),(911,71,309,'Absent','2025-11-03 11:36:09'),(912,71,310,'Absent','2025-11-03 11:36:09'),(913,71,311,'Absent','2025-11-03 11:36:09'),(914,71,312,'Absent','2025-11-03 11:36:09'),(915,71,313,'Absent','2025-11-03 11:36:09'),(916,71,314,'Absent','2025-11-03 11:36:09'),(917,71,315,'Absent','2025-11-03 11:36:09'),(918,71,316,'Absent','2025-11-03 11:36:09'),(919,71,317,'Absent','2025-11-03 11:36:09'),(920,71,318,'Absent','2025-11-03 11:36:09'),(921,71,319,'Absent','2025-11-03 11:36:09'),(922,71,320,'Absent','2025-11-03 11:36:09'),(923,71,321,'Absent','2025-11-03 11:36:09'),(924,71,322,'Absent','2025-11-03 11:36:09'),(925,71,323,'Absent','2025-11-03 11:36:09'),(926,71,324,'Absent','2025-11-03 11:36:09'),(927,71,325,'Absent','2025-11-03 11:36:09'),(928,71,326,'Absent','2025-11-03 11:36:09'),(929,71,327,'Absent','2025-11-03 11:36:10'),(930,71,328,'Absent','2025-11-03 11:36:10'),(931,71,406,'Absent','2025-11-03 11:36:10'),(932,71,407,'Absent','2025-11-03 11:36:10'),(933,71,408,'Absent','2025-11-03 11:36:10'),(934,71,409,'Absent','2025-11-03 11:36:10'),(935,71,410,'Absent','2025-11-03 11:36:10'),(936,71,411,'Absent','2025-11-03 11:36:10'),(937,71,412,'Absent','2025-11-03 11:36:10'),(938,71,413,'Absent','2025-11-03 11:36:10'),(939,71,414,'Absent','2025-11-03 11:36:10'),(940,71,415,'Absent','2025-11-03 11:36:10'),(941,71,416,'Absent','2025-11-03 11:36:10'),(942,71,417,'Absent','2025-11-03 11:36:10'),(943,71,418,'Absent','2025-11-03 11:36:10'),(944,71,419,'Absent','2025-11-03 11:36:10'),(945,71,420,'Absent','2025-11-03 11:36:10'),(946,71,421,'Absent','2025-11-03 11:36:10'),(947,71,422,'Absent','2025-11-03 11:36:10'),(948,71,423,'Absent','2025-11-03 11:36:10'),(949,71,424,'Absent','2025-11-03 11:36:10'),(950,71,425,'Absent','2025-11-03 11:36:10'),(951,71,426,'Absent','2025-11-03 11:36:10'),(952,71,427,'Absent','2025-11-03 11:36:10'),(953,71,428,'Absent','2025-11-03 11:36:10'),(954,71,429,'Absent','2025-11-03 11:36:10'),(955,71,430,'Absent','2025-11-03 11:36:10'),(956,71,431,'Absent','2025-11-03 11:36:10'),(957,71,432,'Absent','2025-11-03 11:36:10'),(958,71,433,'Absent','2025-11-03 11:36:10'),(959,71,434,'Absent','2025-11-03 11:36:10'),(960,71,435,'Absent','2025-11-03 11:36:10'),(961,71,436,'Absent','2025-11-03 11:36:10'),(962,71,437,'Absent','2025-11-03 11:36:10'),(963,71,438,'Absent','2025-11-03 11:36:10'),(964,71,439,'Absent','2025-11-03 11:36:10'),(965,71,440,'Absent','2025-11-03 11:36:10'),(966,71,441,'Absent','2025-11-03 11:36:10'),(967,71,442,'Absent','2025-11-03 11:36:10'),(968,71,443,'Absent','2025-11-03 11:36:10'),(969,72,269,'Absent','2025-11-03 11:54:28'),(970,72,270,'Absent','2025-11-03 11:54:28'),(971,72,271,'Absent','2025-11-03 11:54:28'),(972,72,272,'Absent','2025-11-03 11:54:28'),(973,72,273,'Absent','2025-11-03 11:54:28'),(974,72,274,'Absent','2025-11-03 11:54:28'),(975,72,275,'Absent','2025-11-03 11:54:28'),(976,72,276,'Absent','2025-11-03 11:54:28'),(977,72,277,'Absent','2025-11-03 11:54:28'),(978,72,278,'Absent','2025-11-03 11:54:28'),(979,72,279,'Absent','2025-11-03 11:54:28'),(980,72,280,'Present','2025-11-03 11:54:28'),(981,72,281,'Absent','2025-11-03 11:54:28'),(982,72,282,'Absent','2025-11-03 11:54:28'),(983,72,283,'Absent','2025-11-03 11:54:28'),(984,72,284,'Absent','2025-11-03 11:54:28'),(985,72,285,'Absent','2025-11-03 11:54:28'),(986,72,286,'Absent','2025-11-03 11:54:28'),(987,72,287,'Absent','2025-11-03 11:54:28'),(988,72,288,'Absent','2025-11-03 11:54:28'),(989,72,289,'Absent','2025-11-03 11:54:28'),(990,72,290,'Absent','2025-11-03 11:54:28'),(991,72,291,'Absent','2025-11-03 11:54:28'),(992,72,292,'Absent','2025-11-03 11:54:28'),(993,72,293,'Absent','2025-11-03 11:54:28'),(994,72,294,'Present','2025-11-03 11:54:28'),(995,72,295,'Absent','2025-11-03 11:54:28'),(996,72,296,'Absent','2025-11-03 11:54:28'),(997,72,297,'Absent','2025-11-03 11:54:28'),(998,72,298,'Absent','2025-11-03 11:54:28'),(999,72,329,'Present','2025-11-03 11:54:28'),(1000,72,330,'Absent','2025-11-03 11:54:28'),(1001,72,331,'Absent','2025-11-03 11:54:28'),(1002,72,332,'Absent','2025-11-03 11:54:28'),(1003,72,333,'Absent','2025-11-03 11:54:28'),(1004,72,334,'Absent','2025-11-03 11:54:28'),(1005,72,335,'Absent','2025-11-03 11:54:28'),(1006,72,336,'Absent','2025-11-03 11:54:28'),(1007,72,337,'Absent','2025-11-03 11:54:28'),(1008,72,338,'Absent','2025-11-03 11:54:28'),(1009,72,339,'Absent','2025-11-03 11:54:28'),(1010,72,340,'Absent','2025-11-03 11:54:28'),(1011,72,341,'Absent','2025-11-03 11:54:28'),(1012,72,342,'Absent','2025-11-03 11:54:28'),(1013,72,343,'Absent','2025-11-03 11:54:28'),(1014,72,344,'Absent','2025-11-03 11:54:28'),(1015,72,345,'Absent','2025-11-03 11:54:28'),(1016,72,346,'Absent','2025-11-03 11:54:28'),(1017,72,347,'Absent','2025-11-03 11:54:28'),(1018,72,348,'Absent','2025-11-03 11:54:28'),(1019,72,349,'Absent','2025-11-03 11:54:28'),(1020,72,350,'Absent','2025-11-03 11:54:28'),(1021,72,351,'Absent','2025-11-03 11:54:28'),(1022,72,352,'Absent','2025-11-03 11:54:28'),(1023,72,353,'Absent','2025-11-03 11:54:28'),(1024,72,354,'Absent','2025-11-03 11:54:28'),(1025,72,355,'Absent','2025-11-03 11:54:28'),(1026,72,356,'Absent','2025-11-03 11:54:28'),(1027,72,357,'Absent','2025-11-03 11:54:28'),(1028,72,358,'Absent','2025-11-03 11:54:28'),(1029,72,359,'Absent','2025-11-03 11:54:28'),(1030,72,360,'Absent','2025-11-03 11:54:28'),(1031,72,361,'Absent','2025-11-03 11:54:28'),(1032,72,362,'Absent','2025-11-03 11:54:28'),(1033,72,363,'Absent','2025-11-03 11:54:28'),(1034,72,364,'Absent','2025-11-03 11:54:28'),(1035,72,365,'Absent','2025-11-03 11:54:28'),(1036,72,366,'Absent','2025-11-03 11:54:28'),(1037,72,367,'Absent','2025-11-03 11:54:28'),(1038,73,299,'Present','2025-11-06 11:22:36'),(1039,73,300,'Present','2025-11-06 11:22:36'),(1040,73,301,'Present','2025-11-06 11:22:36'),(1041,73,302,'Absent','2025-11-06 11:22:36'),(1042,73,303,'Absent','2025-11-06 11:22:36'),(1043,73,304,'Absent','2025-11-06 11:22:36'),(1044,73,305,'Absent','2025-11-06 11:22:36'),(1045,73,306,'Absent','2025-11-06 11:22:36'),(1046,73,307,'Absent','2025-11-06 11:22:36'),(1047,73,308,'Absent','2025-11-06 11:22:36'),(1048,73,309,'Absent','2025-11-06 11:22:36'),(1049,73,310,'Absent','2025-11-06 11:22:36'),(1050,73,311,'Absent','2025-11-06 11:22:36'),(1051,73,312,'Absent','2025-11-06 11:22:36'),(1052,73,313,'Absent','2025-11-06 11:22:36'),(1053,73,314,'Absent','2025-11-06 11:22:36'),(1054,73,315,'Absent','2025-11-06 11:22:36'),(1055,73,316,'Absent','2025-11-06 11:22:36'),(1056,73,317,'Absent','2025-11-06 11:22:36'),(1057,73,318,'Absent','2025-11-06 11:22:36'),(1058,73,319,'Absent','2025-11-06 11:22:36'),(1059,73,320,'Absent','2025-11-06 11:22:36'),(1060,73,321,'Absent','2025-11-06 11:22:36'),(1061,73,322,'Absent','2025-11-06 11:22:36'),(1062,73,323,'Absent','2025-11-06 11:22:36'),(1063,73,324,'Absent','2025-11-06 11:22:36'),(1064,73,325,'Absent','2025-11-06 11:22:36'),(1065,73,326,'Absent','2025-11-06 11:22:36'),(1066,73,327,'Absent','2025-11-06 11:22:36'),(1067,73,328,'Absent','2025-11-06 11:22:36'),(1068,73,406,'Absent','2025-11-06 11:22:36'),(1069,73,407,'Absent','2025-11-06 11:22:36'),(1070,73,408,'Absent','2025-11-06 11:22:36'),(1071,73,409,'Absent','2025-11-06 11:22:36'),(1072,73,410,'Absent','2025-11-06 11:22:36'),(1073,73,411,'Absent','2025-11-06 11:22:36'),(1074,73,412,'Absent','2025-11-06 11:22:36'),(1075,73,413,'Absent','2025-11-06 11:22:36'),(1076,73,414,'Absent','2025-11-06 11:22:36'),(1077,73,415,'Absent','2025-11-06 11:22:36'),(1078,73,416,'Absent','2025-11-06 11:22:36'),(1079,73,417,'Absent','2025-11-06 11:22:36'),(1080,73,418,'Absent','2025-11-06 11:22:36'),(1081,73,419,'Absent','2025-11-06 11:22:36'),(1082,73,420,'Absent','2025-11-06 11:22:36'),(1083,73,421,'Absent','2025-11-06 11:22:36'),(1084,73,422,'Absent','2025-11-06 11:22:36'),(1085,73,423,'Absent','2025-11-06 11:22:36'),(1086,73,424,'Absent','2025-11-06 11:22:36'),(1087,73,425,'Absent','2025-11-06 11:22:36'),(1088,73,426,'Absent','2025-11-06 11:22:36'),(1089,73,427,'Absent','2025-11-06 11:22:36'),(1090,73,428,'Absent','2025-11-06 11:22:36'),(1091,73,429,'Absent','2025-11-06 11:22:36'),(1092,73,430,'Absent','2025-11-06 11:22:36'),(1093,73,431,'Absent','2025-11-06 11:22:36'),(1094,73,432,'Absent','2025-11-06 11:22:36'),(1095,73,433,'Absent','2025-11-06 11:22:36'),(1096,73,434,'Absent','2025-11-06 11:22:36'),(1097,73,435,'Absent','2025-11-06 11:22:36'),(1098,73,436,'Absent','2025-11-06 11:22:36'),(1099,73,437,'Absent','2025-11-06 11:22:36'),(1100,73,438,'Absent','2025-11-06 11:22:36'),(1101,73,439,'Absent','2025-11-06 11:22:36'),(1102,73,440,'Absent','2025-11-06 11:22:36'),(1103,73,441,'Absent','2025-11-06 11:22:36'),(1104,73,442,'Absent','2025-11-06 11:22:36'),(1105,73,443,'Absent','2025-11-06 11:22:36'),(1106,74,299,'Present','2025-11-06 12:15:52'),(1107,74,300,'Present','2025-11-06 12:15:52'),(1108,74,301,'Absent','2025-11-06 12:15:52'),(1109,74,302,'Absent','2025-11-06 12:15:52'),(1110,74,303,'Absent','2025-11-06 12:15:52'),(1111,74,304,'Absent','2025-11-06 12:15:52'),(1112,74,305,'Absent','2025-11-06 12:15:52'),(1113,74,306,'Absent','2025-11-06 12:15:52'),(1114,74,307,'Absent','2025-11-06 12:15:52'),(1115,74,308,'Absent','2025-11-06 12:15:52'),(1116,74,309,'Absent','2025-11-06 12:15:52'),(1117,74,310,'Absent','2025-11-06 12:15:52'),(1118,74,311,'Absent','2025-11-06 12:15:52'),(1119,74,312,'Absent','2025-11-06 12:15:52'),(1120,74,313,'Absent','2025-11-06 12:15:52'),(1121,74,314,'Absent','2025-11-06 12:15:52'),(1122,74,315,'Absent','2025-11-06 12:15:52'),(1123,74,316,'Absent','2025-11-06 12:15:52'),(1124,74,317,'Absent','2025-11-06 12:15:52'),(1125,74,318,'Absent','2025-11-06 12:15:52'),(1126,74,319,'Absent','2025-11-06 12:15:52'),(1127,74,320,'Absent','2025-11-06 12:15:52'),(1128,74,321,'Absent','2025-11-06 12:15:52'),(1129,74,322,'Absent','2025-11-06 12:15:52'),(1130,74,323,'Absent','2025-11-06 12:15:52'),(1131,74,324,'Absent','2025-11-06 12:15:52'),(1132,74,325,'Absent','2025-11-06 12:15:52'),(1133,74,326,'Absent','2025-11-06 12:15:52'),(1134,74,327,'Absent','2025-11-06 12:15:52'),(1135,74,328,'Absent','2025-11-06 12:15:52'),(1136,74,406,'Absent','2025-11-06 12:15:52'),(1137,74,407,'Absent','2025-11-06 12:15:52'),(1138,74,408,'Absent','2025-11-06 12:15:52'),(1139,74,409,'Absent','2025-11-06 12:15:52'),(1140,74,410,'Absent','2025-11-06 12:15:52'),(1141,74,411,'Absent','2025-11-06 12:15:52'),(1142,74,412,'Absent','2025-11-06 12:15:52'),(1143,74,413,'Absent','2025-11-06 12:15:52'),(1144,74,414,'Absent','2025-11-06 12:15:52'),(1145,74,415,'Absent','2025-11-06 12:15:52'),(1146,74,416,'Absent','2025-11-06 12:15:52'),(1147,74,417,'Absent','2025-11-06 12:15:52'),(1148,74,418,'Absent','2025-11-06 12:15:52'),(1149,74,419,'Absent','2025-11-06 12:15:52'),(1150,74,420,'Absent','2025-11-06 12:15:52'),(1151,74,421,'Absent','2025-11-06 12:15:52'),(1152,74,422,'Absent','2025-11-06 12:15:52'),(1153,74,423,'Absent','2025-11-06 12:15:52'),(1154,74,424,'Absent','2025-11-06 12:15:52'),(1155,74,425,'Absent','2025-11-06 12:15:52'),(1156,74,426,'Absent','2025-11-06 12:15:52'),(1157,74,427,'Absent','2025-11-06 12:15:52'),(1158,74,428,'Absent','2025-11-06 12:15:52'),(1159,74,429,'Absent','2025-11-06 12:15:52'),(1160,74,430,'Absent','2025-11-06 12:15:52'),(1161,74,431,'Absent','2025-11-06 12:15:52'),(1162,74,432,'Absent','2025-11-06 12:15:52'),(1163,74,433,'Absent','2025-11-06 12:15:52'),(1164,74,434,'Absent','2025-11-06 12:15:52'),(1165,74,435,'Absent','2025-11-06 12:15:52'),(1166,74,436,'Absent','2025-11-06 12:15:52'),(1167,74,437,'Absent','2025-11-06 12:15:52'),(1168,74,438,'Absent','2025-11-06 12:15:52'),(1169,74,439,'Absent','2025-11-06 12:15:52'),(1170,74,440,'Absent','2025-11-06 12:15:52'),(1171,74,441,'Absent','2025-11-06 12:15:52'),(1172,74,442,'Absent','2025-11-06 12:15:52'),(1173,74,443,'Absent','2025-11-06 12:15:52'),(1174,75,299,'Present','2025-11-07 23:55:22'),(1175,75,300,'Present','2025-11-07 23:55:22'),(1176,75,301,'Absent','2025-11-07 23:55:22'),(1177,75,302,'Absent','2025-11-07 23:55:22'),(1178,75,303,'Absent','2025-11-07 23:55:22'),(1179,75,304,'Absent','2025-11-07 23:55:22'),(1180,75,305,'Absent','2025-11-07 23:55:22'),(1181,75,306,'Absent','2025-11-07 23:55:22'),(1182,75,307,'Absent','2025-11-07 23:55:22'),(1183,75,308,'Absent','2025-11-07 23:55:22'),(1184,75,309,'Absent','2025-11-07 23:55:22'),(1185,75,310,'Absent','2025-11-07 23:55:22'),(1186,75,311,'Absent','2025-11-07 23:55:22'),(1187,75,312,'Absent','2025-11-07 23:55:22'),(1188,75,313,'Absent','2025-11-07 23:55:22'),(1189,75,314,'Absent','2025-11-07 23:55:23'),(1190,75,315,'Absent','2025-11-07 23:55:23'),(1191,75,316,'Absent','2025-11-07 23:55:23'),(1192,75,317,'Absent','2025-11-07 23:55:23'),(1193,75,318,'Absent','2025-11-07 23:55:23'),(1194,75,319,'Absent','2025-11-07 23:55:23'),(1195,75,320,'Absent','2025-11-07 23:55:23'),(1196,75,321,'Absent','2025-11-07 23:55:23'),(1197,75,322,'Absent','2025-11-07 23:55:23'),(1198,75,323,'Absent','2025-11-07 23:55:23'),(1199,75,324,'Absent','2025-11-07 23:55:23'),(1200,75,325,'Absent','2025-11-07 23:55:23'),(1201,75,326,'Absent','2025-11-07 23:55:23'),(1202,75,327,'Absent','2025-11-07 23:55:23'),(1203,75,328,'Absent','2025-11-07 23:55:23'),(1204,75,406,'Absent','2025-11-07 23:55:23'),(1205,75,407,'Absent','2025-11-07 23:55:23'),(1206,75,408,'Absent','2025-11-07 23:55:23'),(1207,75,409,'Absent','2025-11-07 23:55:23'),(1208,75,410,'Absent','2025-11-07 23:55:23'),(1209,75,411,'Absent','2025-11-07 23:55:23'),(1210,75,412,'Absent','2025-11-07 23:55:23'),(1211,75,413,'Absent','2025-11-07 23:55:23'),(1212,75,414,'Absent','2025-11-07 23:55:23'),(1213,75,415,'Absent','2025-11-07 23:55:23'),(1214,75,416,'Absent','2025-11-07 23:55:23'),(1215,75,417,'Absent','2025-11-07 23:55:23'),(1216,75,418,'Absent','2025-11-07 23:55:23'),(1217,75,419,'Absent','2025-11-07 23:55:23'),(1218,75,420,'Absent','2025-11-07 23:55:23'),(1219,75,421,'Absent','2025-11-07 23:55:23'),(1220,75,422,'Absent','2025-11-07 23:55:23'),(1221,75,423,'Absent','2025-11-07 23:55:23'),(1222,75,424,'Absent','2025-11-07 23:55:23'),(1223,75,425,'Absent','2025-11-07 23:55:23'),(1224,75,426,'Absent','2025-11-07 23:55:23'),(1225,75,427,'Absent','2025-11-07 23:55:23'),(1226,75,428,'Absent','2025-11-07 23:55:23'),(1227,75,429,'Absent','2025-11-07 23:55:23'),(1228,75,430,'Absent','2025-11-07 23:55:23'),(1229,75,431,'Absent','2025-11-07 23:55:23'),(1230,75,432,'Absent','2025-11-07 23:55:23'),(1231,75,433,'Absent','2025-11-07 23:55:23'),(1232,75,434,'Absent','2025-11-07 23:55:23'),(1233,75,435,'Absent','2025-11-07 23:55:23'),(1234,75,436,'Absent','2025-11-07 23:55:23'),(1235,75,437,'Absent','2025-11-07 23:55:23'),(1236,75,438,'Absent','2025-11-07 23:55:23'),(1237,75,439,'Absent','2025-11-07 23:55:23'),(1238,75,440,'Absent','2025-11-07 23:55:23'),(1239,75,441,'Absent','2025-11-07 23:55:23'),(1240,75,442,'Absent','2025-11-07 23:55:23'),(1241,75,443,'Absent','2025-11-07 23:55:23');
/*!40000 ALTER TABLE `attendance_record` ENABLE KEYS */;
UNLOCK TABLES;
/*!50003 SET @saved_cs_client      = @@character_set_client */ ;
/*!50003 SET @saved_cs_results     = @@character_set_results */ ;
/*!50003 SET @saved_col_connection = @@collation_connection */ ;
/*!50003 SET character_set_client  = cp850 */ ;
/*!50003 SET character_set_results = cp850 */ ;
/*!50003 SET collation_connection  = cp850_general_ci */ ;
/*!50003 SET @saved_sql_mode       = @@sql_mode */ ;
/*!50003 SET sql_mode              = 'ONLY_FULL_GROUP_BY,STRICT_TRANS_TABLES,NO_ZERO_IN_DATE,NO_ZERO_DATE,ERROR_FOR_DIVISION_BY_ZERO,NO_ENGINE_SUBSTITUTION' */ ;
DELIMITER ;;
/*!50003 CREATE*/ /*!50017 DEFINER=`root`@`localhost`*/ /*!50003 TRIGGER `trg_update_attendance_percentage` AFTER INSERT ON `attendance_record` FOR EACH ROW BEGIN
    DECLARE total_sessions INT;
    DECLARE attended_sessions INT;
    DECLARE percentage DECIMAL(5,2);

    -- total sessions for this student
    SELECT COUNT(*) INTO total_sessions
    FROM attendance_record
    WHERE prn = NEW.prn;

    -- total sessions attended
    SELECT COUNT(*) INTO attended_sessions
    FROM attendance_record
    WHERE prn = NEW.prn AND status = 'Present';

    -- calculate attendance %
    IF total_sessions = 0 THEN
        SET percentage = 0;
    ELSE
        SET percentage = (attended_sessions / total_sessions) * 100;
    END IF;

    -- update student table
    UPDATE student
    SET attendance_percentage = percentage
    WHERE prn = NEW.prn;
END */;;
DELIMITER ;
/*!50003 SET sql_mode              = @saved_sql_mode */ ;
/*!50003 SET character_set_client  = @saved_cs_client */ ;
/*!50003 SET character_set_results = @saved_cs_results */ ;
/*!50003 SET collation_connection  = @saved_col_connection */ ;

--
-- Table structure for table `attendance_session`
--

DROP TABLE IF EXISTS `attendance_session`;
/*!40101 SET @saved_cs_client     = @@character_set_client */;
/*!50503 SET character_set_client = utf8mb4 */;
CREATE TABLE `attendance_session` (
  `session_id` int NOT NULL AUTO_INCREMENT,
  `course_id` int NOT NULL,
  `professor_id` int NOT NULL,
  `session_date` date NOT NULL,
  `session_time` datetime NOT NULL DEFAULT CURRENT_TIMESTAMP,
  PRIMARY KEY (`session_id`),
  KEY `course_id` (`course_id`),
  KEY `professor_id` (`professor_id`),
  CONSTRAINT `attendance_session_ibfk_1` FOREIGN KEY (`course_id`) REFERENCES `course` (`course_id`) ON DELETE CASCADE,
  CONSTRAINT `attendance_session_ibfk_2` FOREIGN KEY (`professor_id`) REFERENCES `professor` (`professor_id`) ON DELETE CASCADE
) ENGINE=InnoDB AUTO_INCREMENT=76 DEFAULT CHARSET=utf8mb4 COLLATE=utf8mb4_0900_ai_ci;
/*!40101 SET character_set_client = @saved_cs_client */;

--
-- Dumping data for table `attendance_session`
--

LOCK TABLES `attendance_session` WRITE;
/*!40000 ALTER TABLE `attendance_session` DISABLE KEYS */;
INSERT INTO `attendance_session` VALUES (1,101,111,'2025-10-23','2025-10-23 23:27:10'),(2,101,111,'2025-10-23','2025-10-23 23:28:02'),(3,101,111,'2025-10-23','2025-10-23 23:28:27'),(4,101,111,'2025-10-23','2025-10-23 23:30:28'),(5,101,111,'2025-10-23','2025-10-23 23:31:40'),(6,101,101,'2025-10-10','2025-10-24 00:49:59'),(7,101,101,'2025-10-15','2025-10-24 00:50:22'),(8,101,101,'2025-10-10','2025-10-24 00:50:42'),(9,102,101,'2025-10-23','2025-10-24 00:51:09'),(10,101,101,'2025-10-22','2025-10-24 00:55:55'),(11,101,112,'2025-10-21','2025-10-24 01:03:58'),(12,101,112,'2025-10-21','2025-10-24 01:05:45'),(13,101,112,'2025-10-10','2025-10-24 01:06:01'),(14,101,112,'2025-10-01','2025-10-24 01:06:27'),(15,105,104,'2025-10-24','2025-10-24 01:11:45'),(16,105,104,'2025-10-17','2025-10-24 01:12:24'),(17,104,103,'2025-10-10','2025-10-24 01:15:06'),(18,110,109,'2025-10-01','2025-10-24 01:19:18'),(19,110,109,'2025-10-01','2025-10-24 01:23:24'),(20,110,109,'2025-10-01','2025-10-24 01:23:39'),(21,107,106,'2025-10-08','2025-10-24 01:26:06'),(22,107,106,'2025-10-10','2025-10-24 01:27:41'),(23,101,101,'2025-10-02','2025-10-24 01:36:10'),(24,101,101,'2025-10-24','2025-10-24 01:39:33'),(25,101,101,'2025-10-24','2025-10-24 01:41:25'),(26,110,109,'2025-10-09','2025-10-24 01:48:23'),(27,104,103,'2025-10-24','2025-10-24 01:57:54'),(28,104,103,'2025-10-01','2025-10-24 01:58:06'),(29,104,103,'2025-10-16','2025-10-24 02:00:57'),(30,104,103,'2025-10-03','2025-10-24 02:03:45'),(31,110,109,'2025-10-02','2025-10-24 02:06:39'),(32,110,109,'2025-10-15','2025-10-24 02:10:52'),(33,110,109,'2025-10-16','2025-10-24 02:11:39'),(34,110,109,'2025-10-30','2025-10-24 02:12:37'),(35,110,109,'2025-10-09','2025-10-24 02:12:57'),(36,110,109,'2025-10-16','2025-10-24 02:13:34'),(37,110,109,'2025-10-29','2025-10-24 02:14:45'),(38,110,109,'2025-10-09','2025-10-24 02:18:39'),(39,110,109,'2025-10-15','2025-10-24 02:21:20'),(40,110,109,'2025-10-10','2025-10-24 02:21:33'),(41,110,109,'2025-10-22','2025-10-24 02:23:24'),(42,110,109,'2025-10-09','2025-10-24 02:27:30'),(43,110,109,'2025-10-16','2025-10-24 02:27:40'),(44,110,109,'2025-10-09','2025-10-24 02:29:39'),(45,110,109,'2025-10-16','2025-10-24 02:30:06'),(46,110,109,'2025-10-09','2025-10-24 02:36:18'),(47,110,109,'2025-10-24','2025-10-24 22:17:20'),(48,110,109,'2025-10-24','2025-10-24 22:19:46'),(49,110,109,'2025-10-22','2025-10-24 22:31:55'),(50,110,109,'2025-10-29','2025-10-24 22:32:55'),(51,110,109,'2025-10-22','2025-10-24 22:35:26'),(52,110,109,'2025-10-16','2025-10-24 22:36:39'),(53,110,109,'2025-10-22','2025-10-24 22:40:34'),(54,110,109,'2025-10-21','2025-10-24 22:46:44'),(55,110,109,'2025-10-08','2025-10-24 22:52:07'),(56,101,101,'2025-10-09','2025-10-24 22:53:42'),(57,101,101,'2025-09-30','2025-10-24 22:53:53'),(58,101,101,'2025-10-16','2025-10-24 23:03:34'),(59,101,101,'2025-10-29','2025-10-24 23:03:45'),(60,102,111,'2025-10-16','2025-10-24 23:06:13'),(61,101,112,'2025-10-02','2025-10-24 23:45:44'),(62,102,111,'2025-10-23','2025-10-25 14:05:03'),(63,102,111,'2025-10-02','2025-10-25 14:05:39'),(64,102,111,'2025-10-22','2025-10-25 14:06:23'),(65,101,112,'2025-10-23','2025-10-25 14:52:13'),(66,101,112,'2025-10-27','2025-10-27 19:35:18'),(67,101,112,'2025-10-28','2025-10-28 11:47:21'),(68,102,111,'2025-10-29','2025-10-29 09:16:26'),(69,101,112,'2025-11-01','2025-11-01 22:38:29'),(70,101,112,'2025-11-02','2025-11-02 13:34:27'),(71,101,112,'2025-11-13','2025-11-03 11:36:09'),(72,102,111,'2025-11-14','2025-11-03 11:54:28'),(73,101,112,'2025-11-07','2025-11-06 11:22:36'),(74,101,112,'2025-11-06','2025-11-06 12:15:52'),(75,101,112,'2025-11-07','2025-11-07 23:55:22');
/*!40000 ALTER TABLE `attendance_session` ENABLE KEYS */;
UNLOCK TABLES;

--
-- Table structure for table `course`
--

DROP TABLE IF EXISTS `course`;
/*!40101 SET @saved_cs_client     = @@character_set_client */;
/*!50503 SET character_set_client = utf8mb4 */;
CREATE TABLE `course` (
  `course_id` int NOT NULL,
  `title` varchar(100) DEFAULT NULL,
  `description` text,
  `dep_id` int DEFAULT NULL,
  PRIMARY KEY (`course_id`),
  KEY `dep_id` (`dep_id`),
  CONSTRAINT `course_ibfk_1` FOREIGN KEY (`dep_id`) REFERENCES `department` (`dep_id`)
) ENGINE=InnoDB DEFAULT CHARSET=utf8mb4 COLLATE=utf8mb4_0900_ai_ci;
/*!40101 SET character_set_client = @saved_cs_client */;

--
-- Dumping data for table `course`
--

LOCK TABLES `course` WRITE;
/*!40000 ALTER TABLE `course` DISABLE KEYS */;
INSERT INTO `course` VALUES (1,'block chain','qwdfghm',1),(101,'Data Structures and Algorithms','Covers stacks, queues, trees, and graph algorithms.',1),(102,'Database Management Systems','Focuses on relational models, SQL, and normalization.',1),(103,'Operating Systems','Concepts of process management, memory, and file systems.',1),(104,'Machine Learning','Introduction to supervised and unsupervised learning algorithms.',1),(105,'Analog Electronics','Covers diodes, transistors, and amplifier design.',2),(106,'Digital Circuit Design','Logic gates, sequential circuits, and microcontrollers.',2),(107,'Communication Systems','Analog and digital communication principles.',2),(108,'Thermodynamics','Laws of thermodynamics and their engineering applications.',3),(109,'Fluid Mechanics','Study of fluid properties and flow behavior.',3),(110,'Machine Design','Principles of designing mechanical components.',3),(111,'Structural Analysis','Analysis of beams, frames, and trusses.',4),(112,'Geotechnical Engineering','Soil mechanics and foundation design.',4),(113,'Transportation Engineering','Design and analysis of highways and traffic systems.',4),(114,'Electrical Circuits','Basic circuit laws, network theorems, and AC/DC analysis.',5),(115,'Power Systems','Generation, transmission, and distribution of power.',5),(116,'Control Systems','Modeling and stability analysis of dynamic systems.',5),(117,'Chemical Process Calculations','Material and energy balance principles.',6),(118,'Reaction Engineering','Kinetics and reactor design.',6),(119,'Mass Transfer Operations','Diffusion, absorption, and distillation processes.',6),(120,'Web Technologies','Covers HTML, CSS, JavaScript, and backend basics.',7),(121,'Computer Networks','Network models, protocols, and architectures.',7),(122,'Cloud Computing','Virtualization, IaaS, PaaS, and SaaS fundamentals.',7),(123,'Genetic Engineering','DNA manipulation and recombinant technology.',8),(124,'Bioprocess Engineering','Design of bioreactors and fermentation systems.',8),(125,'Molecular Biology','Structure and function of biomolecules.',8),(126,'Architectural Design Studio','Practical design and drafting exercises.',9),(127,'Building Construction Materials','Study of concrete, steel, and sustainable materials.',9),(128,'Urban Planning','Concepts of city planning and sustainable development.',9),(129,'Linear Algebra','Matrices, vector spaces, and eigenvalues.',10),(130,'Calculus and Differential Equations','Advanced integration and ODEs.',10);
/*!40000 ALTER TABLE `course` ENABLE KEYS */;
UNLOCK TABLES;

--
-- Table structure for table `department`
--

DROP TABLE IF EXISTS `department`;
/*!40101 SET @saved_cs_client     = @@character_set_client */;
/*!50503 SET character_set_client = utf8mb4 */;
CREATE TABLE `department` (
  `dep_id` int NOT NULL,
  `name` varchar(100) NOT NULL,
  `professor_id` int DEFAULT NULL,
  PRIMARY KEY (`dep_id`),
  KEY `professor_id` (`professor_id`),
  CONSTRAINT `department_ibfk_1` FOREIGN KEY (`professor_id`) REFERENCES `professor` (`professor_id`)
) ENGINE=InnoDB DEFAULT CHARSET=utf8mb4 COLLATE=utf8mb4_0900_ai_ci;
/*!40101 SET character_set_client = @saved_cs_client */;

--
-- Dumping data for table `department`
--

LOCK TABLES `department` WRITE;
/*!40000 ALTER TABLE `department` DISABLE KEYS */;
INSERT INTO `department` VALUES (1,'Computer Science',101),(2,'Electronics',102),(3,'Mechanical',103),(4,'Civil',104),(5,'Electrical',105),(6,'Chemical',106),(7,'Information Technology',107),(8,'Biotechnology',108),(9,'Architecture',109),(10,'Mathematics',110);
/*!40000 ALTER TABLE `department` ENABLE KEYS */;
UNLOCK TABLES;

--
-- Table structure for table `enrollment`
--

DROP TABLE IF EXISTS `enrollment`;
/*!40101 SET @saved_cs_client     = @@character_set_client */;
/*!50503 SET character_set_client = utf8mb4 */;
CREATE TABLE `enrollment` (
  `enrollment_id` int NOT NULL AUTO_INCREMENT,
  `prn` int NOT NULL,
  `course_id` int NOT NULL,
  `enroll_date` date DEFAULT NULL,
  PRIMARY KEY (`enrollment_id`),
  KEY `prn` (`prn`),
  KEY `course_id` (`course_id`),
  CONSTRAINT `enrollment_ibfk_1` FOREIGN KEY (`prn`) REFERENCES `student` (`prn`),
  CONSTRAINT `enrollment_ibfk_2` FOREIGN KEY (`course_id`) REFERENCES `course` (`course_id`)
) ENGINE=InnoDB AUTO_INCREMENT=133 DEFAULT CHARSET=utf8mb4 COLLATE=utf8mb4_0900_ai_ci;
/*!40101 SET character_set_client = @saved_cs_client */;

--
-- Dumping data for table `enrollment`
--

LOCK TABLES `enrollment` WRITE;
/*!40000 ALTER TABLE `enrollment` DISABLE KEYS */;
INSERT INTO `enrollment` VALUES (1,1,101,'2025-10-16'),(2,1,102,'2025-10-16'),(3,2,105,'2025-10-16'),(4,2,106,'2025-10-16'),(5,3,108,'2025-10-16'),(6,3,109,'2025-10-16'),(7,4,111,'2025-10-16'),(8,4,112,'2025-10-16'),(9,5,101,'2025-10-16'),(10,5,104,'2025-10-16'),(11,6,105,'2025-10-16'),(12,6,107,'2025-10-16'),(13,7,108,'2025-10-16'),(14,7,110,'2025-10-16'),(15,8,111,'2025-10-16'),(16,8,113,'2025-10-16'),(17,9,101,'2025-10-16'),(18,9,102,'2025-10-16'),(19,10,105,'2025-10-16'),(20,10,106,'2025-10-16'),(21,11,108,'2025-10-16'),(22,11,110,'2025-10-16'),(23,12,111,'2025-10-16'),(24,12,113,'2025-10-16'),(25,13,101,'2025-10-16'),(26,13,104,'2025-10-16'),(27,14,105,'2025-10-16'),(28,14,107,'2025-10-16'),(29,15,108,'2025-10-16'),(30,15,109,'2025-10-16'),(31,16,111,'2025-10-16'),(32,16,112,'2025-10-16'),(33,17,101,'2025-10-16'),(34,17,103,'2025-10-16'),(35,18,105,'2025-10-16'),(36,18,106,'2025-10-16'),(37,19,108,'2025-10-16'),(38,19,110,'2025-10-16'),(39,20,111,'2025-10-16'),(40,20,113,'2025-10-16'),(41,21,101,'2025-10-16'),(42,21,102,'2025-10-16'),(43,22,105,'2025-10-16'),(44,22,106,'2025-10-16'),(45,23,108,'2025-10-16'),(46,23,109,'2025-10-16'),(47,24,111,'2025-10-16'),(48,24,112,'2025-10-16'),(49,25,101,'2025-10-16'),(50,25,104,'2025-10-16'),(51,26,105,'2025-10-16'),(52,26,107,'2025-10-16'),(53,27,108,'2025-10-16'),(54,27,110,'2025-10-16'),(55,28,111,'2025-10-16'),(56,28,113,'2025-10-16'),(57,29,101,'2025-10-16'),(58,29,102,'2025-10-16'),(59,30,105,'2025-10-16'),(60,30,106,'2025-10-16'),(61,31,108,'2025-10-16'),(62,31,109,'2025-10-16'),(63,32,111,'2025-10-16'),(64,32,112,'2025-10-16'),(65,33,101,'2025-10-16'),(66,33,104,'2025-10-16'),(67,34,105,'2025-10-16'),(68,34,107,'2025-10-16'),(69,35,108,'2025-10-16'),(70,35,110,'2025-10-16'),(71,36,111,'2025-10-16'),(72,36,113,'2025-10-16'),(73,37,101,'2025-10-16'),(74,37,102,'2025-10-16'),(75,38,105,'2025-10-16'),(76,38,106,'2025-10-16'),(77,39,108,'2025-10-16'),(78,39,109,'2025-10-16'),(79,40,111,'2025-10-16'),(80,40,112,'2025-10-16'),(81,41,101,'2025-10-16'),(82,41,104,'2025-10-16'),(83,42,105,'2025-10-16'),(84,42,106,'2025-10-16'),(85,43,108,'2025-10-16'),(86,43,110,'2025-10-16'),(87,44,111,'2025-10-16'),(88,44,113,'2025-10-16'),(89,45,101,'2025-10-16'),(90,45,102,'2025-10-16'),(91,46,105,'2025-10-16'),(92,46,107,'2025-10-16'),(93,47,108,'2025-10-16'),(94,47,109,'2025-10-16'),(95,48,111,'2025-10-16'),(96,48,112,'2025-10-16'),(97,49,101,'2025-10-16'),(98,49,104,'2025-10-16'),(99,50,105,'2025-10-16'),(100,50,106,'2025-10-16'),(101,51,108,'2025-10-16'),(102,51,109,'2025-10-16'),(103,52,111,'2025-10-16'),(104,52,113,'2025-10-16'),(105,53,101,'2025-10-16'),(106,53,102,'2025-10-16'),(107,54,105,'2025-10-16'),(108,54,107,'2025-10-16'),(109,55,108,'2025-10-16'),(110,55,110,'2025-10-16'),(111,56,111,'2025-10-16'),(112,56,112,'2025-10-16'),(113,57,101,'2025-10-16'),(114,57,104,'2025-10-16'),(115,58,105,'2025-10-16'),(116,58,106,'2025-10-16'),(117,59,108,'2025-10-16'),(118,59,109,'2025-10-16'),(119,60,111,'2025-10-16'),(120,60,113,'2025-10-16'),(121,61,101,'2025-10-16'),(122,61,102,'2025-10-16'),(123,62,105,'2025-10-16'),(124,62,106,'2025-10-16'),(125,63,108,'2025-10-16'),(126,63,109,'2025-10-16'),(127,64,111,'2025-10-16'),(128,64,112,'2025-10-16'),(129,65,101,'2025-10-16'),(130,65,104,'2025-10-16'),(131,66,105,'2025-10-16'),(132,66,106,'2025-10-16');
/*!40000 ALTER TABLE `enrollment` ENABLE KEYS */;
UNLOCK TABLES;

--
-- Table structure for table `professor`
--

DROP TABLE IF EXISTS `professor`;
/*!40101 SET @saved_cs_client     = @@character_set_client */;
/*!50503 SET character_set_client = utf8mb4 */;
CREATE TABLE `professor` (
  `professor_id` int NOT NULL,
  `name` varchar(100) NOT NULL,
  `email` varchar(100) NOT NULL,
  `dep_id` int DEFAULT NULL,
  PRIMARY KEY (`professor_id`),
  UNIQUE KEY `email` (`email`),
  KEY `dep_id` (`dep_id`),
  CONSTRAINT `professor_ibfk_1` FOREIGN KEY (`dep_id`) REFERENCES `department` (`dep_id`)
) ENGINE=InnoDB DEFAULT CHARSET=utf8mb4 COLLATE=utf8mb4_0900_ai_ci;
/*!40101 SET character_set_client = @saved_cs_client */;

--
-- Dumping data for table `professor`
--

LOCK TABLES `professor` WRITE;
/*!40000 ALTER TABLE `professor` DISABLE KEYS */;
INSERT INTO `professor` VALUES (101,'Dr. Amit Mehta','amit.mehta@example.com',1),(102,'Dr. Neha Sharma','neha.sharma@example.com',2),(103,'Dr. Rajesh Patel','rajesh.patel@example.com',3),(104,'Dr. Anjali Singh','anjali.singh@example.com',4),(105,'Dr. Vikram Reddy','vikram.reddy@example.com',5),(106,'Dr. Priya Joshi','priya.joshi@example.com',6),(107,'Dr. Karan Kapoor','karan.kapoor@example.com',7),(108,'Dr. Meera Nair','meera.nair@example.com',8),(109,'Dr. Aditya Rao','aditya.rao@example.com',9),(110,'Dr. Tanya Desai','tanya.desai@example.com',10),(111,'Dr. Pranali Kosambkar','pranali.kosambkar@example.com',1),(112,'Dr. Sonali Potdar','sonali.potdar@example.com',1);
/*!40000 ALTER TABLE `professor` ENABLE KEYS */;
UNLOCK TABLES;

--
-- Table structure for table `semester`
--

DROP TABLE IF EXISTS `semester`;
/*!40101 SET @saved_cs_client     = @@character_set_client */;
/*!50503 SET character_set_client = utf8mb4 */;
CREATE TABLE `semester` (
  `sem_id` int NOT NULL,
  `sem_number` int NOT NULL,
  `start_date` date NOT NULL,
  `end_date` date NOT NULL,
  `branch_name` varchar(100) NOT NULL,
  PRIMARY KEY (`sem_id`)
) ENGINE=InnoDB DEFAULT CHARSET=utf8mb4 COLLATE=utf8mb4_0900_ai_ci;
/*!40101 SET character_set_client = @saved_cs_client */;

--
-- Dumping data for table `semester`
--

LOCK TABLES `semester` WRITE;
/*!40000 ALTER TABLE `semester` DISABLE KEYS */;
INSERT INTO `semester` VALUES (101,1,'2025-07-01','2025-12-31','Computer Science'),(102,2,'2026-01-01','2026-06-30','Computer Science'),(103,3,'2026-07-01','2026-12-31','Computer Science'),(104,4,'2027-01-01','2027-06-30','Computer Science'),(105,5,'2027-07-01','2027-12-31','Computer Science'),(106,6,'2028-01-01','2028-06-30','Computer Science'),(107,7,'2028-07-01','2028-12-31','Computer Science'),(108,8,'2029-01-01','2029-06-30','Computer Science'),(109,1,'2025-07-01','2025-12-31','Electronics'),(110,2,'2026-01-01','2026-06-30','Electronics'),(111,3,'2026-07-01','2026-12-31','Electronics'),(112,4,'2027-01-01','2027-06-30','Electronics'),(113,5,'2027-07-01','2027-12-31','Electronics'),(114,6,'2028-01-01','2028-06-30','Electronics'),(115,7,'2028-07-01','2028-12-31','Electronics'),(116,8,'2029-01-01','2029-06-30','Electronics'),(117,1,'2025-07-01','2025-12-31','Mechanical'),(118,2,'2026-01-01','2026-06-30','Mechanical'),(119,3,'2026-07-01','2026-12-31','Mechanical'),(120,4,'2027-01-01','2027-06-30','Mechanical'),(121,5,'2027-07-01','2027-12-31','Mechanical'),(122,6,'2028-01-01','2028-06-30','Mechanical'),(123,7,'2028-07-01','2028-12-31','Mechanical'),(124,8,'2029-01-01','2029-06-30','Mechanical'),(125,1,'2025-07-01','2025-12-31','Civil'),(126,2,'2026-01-01','2026-06-30','Civil'),(127,3,'2026-07-01','2026-12-31','Civil'),(128,4,'2027-01-01','2027-06-30','Civil'),(129,5,'2027-07-01','2027-12-31','Civil'),(130,6,'2028-01-01','2028-06-30','Civil'),(131,7,'2028-07-01','2028-12-31','Civil'),(132,8,'2029-01-01','2029-06-30','Civil'),(133,1,'2025-07-01','2025-12-31','Electrical'),(134,2,'2026-01-01','2026-06-30','Electrical'),(135,3,'2026-07-01','2026-12-31','Electrical'),(136,4,'2027-01-01','2027-06-30','Electrical'),(137,5,'2027-07-01','2027-12-31','Electrical'),(138,6,'2028-01-01','2028-06-30','Electrical'),(139,7,'2028-07-01','2028-12-31','Electrical'),(140,8,'2029-01-01','2029-06-30','Electrical'),(141,1,'2025-07-01','2025-12-31','Chemical'),(142,2,'2026-01-01','2026-06-30','Chemical'),(143,3,'2026-07-01','2026-12-31','Chemical'),(144,4,'2027-01-01','2027-06-30','Chemical'),(145,5,'2027-07-01','2027-12-31','Chemical'),(146,6,'2028-01-01','2028-06-30','Chemical'),(147,7,'2028-07-01','2028-12-31','Chemical'),(148,8,'2029-01-01','2029-06-30','Chemical'),(149,1,'2025-07-01','2025-12-31','Information Technology'),(150,2,'2026-01-01','2026-06-30','Information Technology'),(151,3,'2026-07-01','2026-12-31','Information Technology'),(152,4,'2027-01-01','2027-06-30','Information Technology'),(153,5,'2027-07-01','2027-12-31','Information Technology'),(154,6,'2028-01-01','2028-06-30','Information Technology'),(155,7,'2028-07-01','2028-12-31','Information Technology'),(156,8,'2029-01-01','2029-06-30','Information Technology'),(157,1,'2025-07-01','2025-12-31','Biotechnology'),(158,2,'2026-01-01','2026-06-30','Biotechnology'),(159,3,'2026-07-01','2026-12-31','Biotechnology'),(160,4,'2027-01-01','2027-06-30','Biotechnology'),(161,5,'2027-07-01','2027-12-31','Biotechnology'),(162,6,'2028-01-01','2028-06-30','Biotechnology'),(163,7,'2028-07-01','2028-12-31','Biotechnology'),(164,8,'2029-01-01','2029-06-30','Biotechnology'),(165,1,'2025-07-01','2025-12-31','Architecture'),(166,2,'2026-01-01','2026-06-30','Architecture'),(167,3,'2026-07-01','2026-12-31','Architecture'),(168,4,'2027-01-01','2027-06-30','Architecture'),(169,5,'2027-07-01','2027-12-31','Architecture'),(170,6,'2028-01-01','2028-06-30','Architecture'),(171,7,'2028-07-01','2028-12-31','Architecture'),(172,8,'2029-01-01','2029-06-30','Architecture'),(173,1,'2025-07-01','2025-12-31','Mathematics'),(174,2,'2026-01-01','2026-06-30','Mathematics'),(175,3,'2026-07-01','2026-12-31','Mathematics'),(176,4,'2027-01-01','2027-06-30','Mathematics'),(177,5,'2027-07-01','2027-12-31','Mathematics'),(178,6,'2028-01-01','2028-06-30','Mathematics'),(180,8,'2029-01-01','2029-06-30','Mathematics');
/*!40000 ALTER TABLE `semester` ENABLE KEYS */;
UNLOCK TABLES;

--
-- Table structure for table `student`
--

DROP TABLE IF EXISTS `student`;
/*!40101 SET @saved_cs_client     = @@character_set_client */;
/*!50503 SET character_set_client = utf8mb4 */;
CREATE TABLE `student` (
  `prn` int NOT NULL,
  `name` varchar(100) NOT NULL,
  `email` varchar(100) NOT NULL,
  `gpa` decimal(3,2) DEFAULT NULL,
  `year` int DEFAULT NULL,
  `panel` varchar(50) DEFAULT NULL,
  `mobile_no` varchar(15) DEFAULT NULL,
  `blood_group` varchar(5) DEFAULT NULL,
  `branch` varchar(50) DEFAULT NULL,
  `professor_id` int DEFAULT NULL,
  `attendance_percentage` decimal(5,2) DEFAULT '0.00',
  PRIMARY KEY (`prn`),
  UNIQUE KEY `email` (`email`),
  UNIQUE KEY `unique_mobile_no` (`mobile_no`),
  KEY `professor_id` (`professor_id`),
  CONSTRAINT `student_ibfk_1` FOREIGN KEY (`professor_id`) REFERENCES `professor` (`professor_id`),
  CONSTRAINT `chk_prn_positive` CHECK ((`prn` > 0))
) ENGINE=InnoDB DEFAULT CHARSET=utf8mb4 COLLATE=utf8mb4_0900_ai_ci;
/*!40101 SET character_set_client = @saved_cs_client */;

--
-- Dumping data for table `student`
--

LOCK TABLES `student` WRITE;
/*!40000 ALTER TABLE `student` DISABLE KEYS */;
INSERT INTO `student` VALUES (1,'Aarav Mehta','aarav1@example.com',8.50,1,'A','9000000001','O+','CSE',101,25.00),(2,'Vihaan Sharma','vihaan2@example.com',7.80,2,'B','9000000002','A+','ECE',102,0.00),(3,'Arjun Patel','arjun3@example.com',9.10,3,'C','9000000003','B+','ME',103,0.00),(4,'Aditya Singh','aditya4@example.com',6.90,4,'D','9000000004','AB+','CE',104,0.00),(5,'Rohan Jain','rohan5@example.com',8.00,1,'A','9000000005','O-','CSE',105,0.00),(6,'Ananya Verma','ananya6@example.com',7.50,2,'B','9000000006','A-','ECE',106,0.00),(7,'Ishaan Kapoor','ishaan7@example.com',8.20,3,'C','9000000007','B-','ME',107,0.00),(8,'Myra Gupta','myra8@example.com',9.00,4,'D','9000000008','AB-','CE',108,0.00),(9,'Kabir Reddy','kabir9@example.com',7.30,1,'A','9000000009','O+','CSE',109,33.33),(10,'Sara Khan','sara10@example.com',8.70,2,'B','9000000010','A+','ECE',110,0.00),(11,'Devansh Joshi','devansh11@example.com',8.10,3,'C','9000000011','B+','ME',101,0.00),(12,'Anika Desai','anika12@example.com',7.60,4,'D','9000000012','AB+','CE',102,0.00),(13,'Reyansh Choudhary','reyansh13@example.com',8.30,1,'A','9000000013','O-','CSE',103,0.00),(14,'Tara Mishra','tara14@example.com',7.90,2,'B','9000000014','A-','ECE',104,0.00),(15,'Yuvraj Sinha','yuvraj15@example.com',8.40,3,'C','9000000015','B-','ME',105,0.00),(16,'Kiara Nair','kiara16@example.com',9.20,4,'D','9000000016','AB-','CE',106,0.00),(17,'Dhruv Rathi','dhruv17@example.com',7.70,1,'A','9000000017','O+','CSE',107,0.00),(18,'Meera Bhat','meera18@example.com',8.00,2,'B','9000000018','A+','ECE',108,0.00),(19,'Siddharth Rao','siddharth19@example.com',8.80,3,'C','9000000019','B+','ME',109,0.00),(20,'Naina Malhotra','naina20@example.com',7.40,4,'D','9000000020','AB+','CE',110,0.00),(21,'Aryan Thakur','aryan21@example.com',8.60,1,'A','9000000021','O-','CSE',101,75.00),(22,'Riya Chauhan','riya22@example.com',7.90,2,'B','9000000022','A-','ECE',102,0.00),(23,'Krishna Rao','krishna23@example.com',8.20,3,'C','9000000023','B-','ME',103,0.00),(24,'Anvi Jain','anvi24@example.com',9.10,4,'D','9000000024','AB-','CE',104,0.00),(25,'Shaurya Singh','shaurya25@example.com',7.50,1,'A','9000000025','O+','CSE',105,0.00),(26,'Ira Verma','ira26@example.com',8.30,2,'B','9000000026','A+','ECE',106,0.00),(27,'Vihaan Kapoor','vihaan27@example.com',8.00,3,'C','9000000027','B+','ME',107,0.00),(28,'Aarohi Desai','aarohi28@example.com',7.80,4,'D','9000000028','AB+','CE',108,0.00),(29,'Kabir Malhotra','kabir29@example.com',1.00,1,'A','9000000029','O-','CSE',109,0.00),(30,'Saanvi Nair','saanvi30@example.com',8.50,2,'B','9000000030','A-','ECE',110,0.00),(31,'Ritvik Sharma','ritvik31@example.com',8.10,3,'C','9000000031','B+','ME',101,0.00),(32,'Anaya Patel','anaya32@example.com',7.70,4,'D','9000000032','AB+','CE',102,0.00),(33,'Vivaan Mehta','vivaan33@example.com',8.40,1,'A','9000000033','O-','CSE',103,0.00),(34,'Diya Singh','diya34@example.com',7.90,2,'B','9000000034','A-','ECE',104,0.00),(35,'Shailee Reddy','shailee35@example.com',8.30,3,'C','9000000035','B-','ME',105,0.00),(36,'Ayaan Joshi','ayaan36@example.com',9.00,4,'D','9000000036','AB-','CE',106,0.00),(37,'Ishika Malhotra','ishika37@example.com',7.50,1,'A','9000000037','O+','CSE',107,0.00),(38,'Kian Kapoor','kian38@example.com',8.20,2,'B','9000000038','A+','ECE',108,0.00),(39,'Tanishq Jain','tanishq39@example.com',8.60,3,'C','9000000039','B+','ME',109,0.00),(40,'Myra Rathi','myra40@example.com',7.80,4,'D','9000000040','AB+','CE',110,0.00),(41,'Devanshi Thakur','devanshi41@example.com',8.00,1,'A','9000000041','O-','CSE',101,0.00),(42,'Reyansh Bhat','reyansh42@example.com',8.70,2,'B','9000000042','A-','ECE',102,0.00),(43,'Saanvi Desai','saanvi43@example.com',7.60,3,'C','9000000043','B-','ME',103,0.00),(44,'Advik Rao','advik44@example.com',8.30,4,'D','9000000044','AB-','CE',104,0.00),(45,'Kiara Sharma','kiara45@example.com',7.90,1,'A','9000000045','O+','CSE',105,0.00),(46,'Dhruv Patel','dhruv46@example.com',8.40,2,'B','9000000046','A+','ECE',106,0.00),(47,'Anika Mehta','anika47@example.com',8.10,3,'C','9000000047','B+','ME',107,0.00),(48,'Riaan Singh','riaan48@example.com',7.70,4,'D','9000000048','AB+','CE',108,0.00),(49,'Aarohi Joshi','aarohi49@example.com',8.20,1,'A','9000000049','O-','CSE',109,66.67),(50,'Kabir Verma','kabir50@example.com',8.50,2,'B','9000000050','A-','ECE',110,0.00),(51,'Naina Reddy','naina51@example.com',7.80,3,'C','9000000051','B-','ME',101,0.00),(52,'Vihaan Malhotra','vihaan52@example.com',9.00,4,'D','9000000052','AB-','CE',102,0.00),(53,'Tara Kapoor','tara53@example.com',7.60,1,'A','9000000053','O+','CSE',103,0.00),(54,'Arjun Bhat','arjun54@example.com',8.30,2,'B','9000000054','A+','ECE',104,0.00),(55,'Anvi Sharma','anvi55@example.com',8.00,3,'C','9000000055','B+','ME',105,0.00),(56,'Yuvraj Joshi','yuvraj56@example.com',7.90,4,'D','9000000056','AB+','CE',106,0.00),(57,'Ira Patel','ira57@example.com',8.10,1,'A','9000000057','O-','CSE',107,0.00),(58,'Shaurya Rathi','shaurya58@example.com',8.60,2,'B','9000000058','A-','ECE',108,0.00),(59,'Meera Desai','meera59@example.com',8.40,3,'C','9000000059','B-','ME',109,0.00),(60,'Ritvik Kapoor','ritvik60@example.com',9.20,4,'D','9000000060','AB-','CE',110,0.00),(61,'Mitul Jain','mitul61@example.com',9.29,3,'A','9000000061','O-','CSE',101,0.00),(62,'Heet Shah','heet62@example.com',7.80,2,'B','9000000062','A+','ECE',102,0.00),(63,'Atharv Pareta','atharv63@example.com',8.00,4,'C','9000000063','B+','ME',103,0.00),(64,'Reet Jain','reet64@example.com',7.50,1,'D','9000000064','AB+','CE',104,0.00),(65,'Ativeer Rajawat','ativeer65@example.com',8.00,3,'A','9000000065','O+','CSE',105,0.00),(66,'Naman Jain','naman66@example.com',8.30,2,'B','9000000066','A-','ECE',106,0.00),(67,'Rahul Sharma','rahul67@example.com',8.50,2,'B','9000000067','O+','CSE',107,0.00),(68,'MITUL JAIN','mita140605@gmail.com',9.50,2,'B','08699877759','O-','CSE(AIDS)',108,0.00),(69,'Siddhant Kulkarni','siddhant69@example.com',7.95,1,'A','9000000069','O+','CSE',109,0.00),(70,'Trisha Iyengar','trisha70@example.com',8.40,2,'B','9000000070','A+','ECE',110,0.00),(71,'Neel Deshpande','neel71@example.com',9.15,3,'C','9000000071','B+','ME',101,0.00),(72,'Khushi Malhotra','khushi72@example.com',6.80,4,'D','9000000072','AB+','CE',102,0.00),(73,'Vivaan Sharma','vivaan73@example.com',7.55,1,'E','9000000073','O-','CSE(AIDS)',103,0.00),(74,'Esha Agarwal','esha74@example.com',8.20,2,'F','9000000074','A-','IT',104,0.00),(75,'Hriday Singh','hriday75@example.com',8.65,3,'G','9000000075','B-','EE',105,0.00),(76,'Ira Shetty','ira76@example.com',9.00,4,'H','9000000076','AB-','CSE',106,0.00),(78,'Zara Khan','zara78@example.com',8.85,2,'J','9000000078','A+','ME',108,0.00),(79,'Aarush Menon','aarush79@example.com',7.10,3,'K','9000000079','B+','CE',109,0.00),(80,'Avni Desai','avni80@example.com',8.50,4,'L','9000000080','AB+','CSE(AIDS)',110,0.00),(81,'Kian Patel','kian81@example.com',7.75,1,'M','9000000081','O-','IT',101,0.00),(82,'Diya Tandon','diya82@example.com',9.25,2,'N','9000000082','A-','EE',102,0.00),(83,'Samarth Rao','samarth83@example.com',6.90,3,'A','9000000083','B-','CSE',103,0.00),(84,'Shreya Iyer','shreya84@example.com',8.05,4,'B','9000000084','AB-','ECE',104,0.00),(85,'Yash Gupta','yash85@example.com',7.45,1,'C','9000000085','O+','ME',105,0.00),(86,'Myra Nair','myra86@example.com',8.95,2,'D','9000000086','A+','CE',106,0.00),(87,'Krish Jha','krish87@example.com',7.20,3,'E','9000000087','B+','CSE(AIDS)',107,0.00),(88,'Aadhya Nanda','aadhya88@example.com',8.75,4,'F','9000000088','AB+','IT',108,0.00),(89,'Rohan Sharma','rohan89@example.com',8.15,1,'G','9000000089','O-','EE',109,0.00),(90,'Tanisha Singhania','tanisha90@example.com',7.60,2,'H','9000000090','A-','CSE',110,0.00),(91,'Vedant Garg','vedant91@example.com',9.35,3,'I','9000000091','B-','ECE',101,0.00),(92,'Ananya Jain','ananya92@example.com',6.70,4,'J','9000000092','AB-','ME',102,0.00),(93,'Kabir Mehta','kabir93@example.com',7.85,1,'K','9000000093','O+','CE',103,0.00),(94,'Sanvi Rao','sanvi94@example.com',8.30,2,'L','9000000094','A+','CSE(AIDS)',104,0.00),(95,'Jay Srivastav','jay95@example.com',9.45,3,'M','9000000095','B+','IT',105,0.00),(96,'Rehan Kapoor','rehan96@example.com',7.00,4,'N','9000000096','AB+','EE',106,0.00),(97,'Mihir Pandit','mihir97@example.com',8.00,1,'A','9000000097','O-','CSE',107,0.00),(98,'Zoya Hussain','zoya98@example.com',7.50,2,'B','9000000098','A-','ECE',108,0.00),(99,'Devansh Verma','devansh99@example.com',8.25,3,'C','9000000099','B-','ME',109,0.00),(102,'Kiara Dsouza','kiara102@example.com',8.60,2,'F','9000000102','A+','IT',102,0.00),(103,'Manav Joshi','manav103@example.com',9.05,3,'G','9000000103','B+','EE',103,0.00),(104,'Anaya Bansal','anaya104@example.com',7.40,4,'H','9000000104','AB+','CSE',104,0.00),(105,'Arjun Mistry','arjun105@example.com',8.35,1,'I','9000000105','O-','ECE',105,0.00),(106,'Myra Sharma','myra106@example.com',7.70,2,'J','9000000106','A-','ME',106,0.00),(107,'Dev Rathore','dev107@example.com',9.10,3,'K','9000000107','B-','CE',107,0.00),(108,'Sara Hegde','sara108@example.com',6.60,4,'L','9000000108','AB-','CSE(AIDS)',108,0.00),(110,'Tara Mathur','tara110@example.com',8.45,2,'N','9000000110','A+','EE',110,0.00),(111,'Vihaan Reddy','vihaan111@example.com',9.50,3,'A','9000000111','B+','CSE',101,0.00),(112,'Naina Khanna','naina112@example.com',7.05,4,'B','9000000112','AB+','ECE',102,0.00),(113,'Aryan Mehta','aryan113@example.com',7.65,1,'C','9000000113','O-','ME',103,0.00),(114,'Riya Soni','riya114@example.com',8.90,2,'D','9000000114','A-','CE',104,0.00),(115,'Yash Rawat','yash115@example.com',7.30,3,'E','9000000115','B-','CSE(AIDS)',105,0.00),(116,'Khushi Mittal','khushi116@example.com',8.70,4,'F','9000000116','AB-','IT',106,0.00),(117,'Advait Pal','advait117@example.com',8.10,1,'G','9000000117','O+','EE',107,0.00),(118,'Neel Verma','neel118@example.com',7.50,2,'H','9000000118','A+','CSE',108,0.00),(119,'Zoya Ali','zoya119@example.com',9.20,3,'I','9000000119','B+','ECE',109,0.00),(120,'Vivaan Sharma','vivaan120@example.com',6.50,4,'J','9000000120','AB+','ME',110,0.00),(121,'Kabir Kapoor','kabir121@example.com',7.80,1,'K','9000000121','O-','CE',101,0.00),(122,'Samaira S','samaira122@example.com',8.25,2,'L','9000000122','A-','CSE(AIDS)',102,0.00),(123,'Hriday B.','hriday123@example.com',8.55,3,'M','9000000123','B-','IT',103,0.00),(124,'Kiara Gupte','kiara124@example.com',7.95,4,'N','9000000124','AB-','EE',104,0.00),(125,'Manav Shinde','manav125@example.com',9.30,1,'A','9000000125','O+','CSE',105,0.00),(126,'Diya Kadam','diya126@example.com',6.95,2,'B','9000000126','A+','ECE',106,0.00),(127,'Rehan P','rehan127@example.com',7.40,3,'C','9000000127','B+','ME',107,0.00),(128,'Ira Kulkarni','ira128@example.com',8.85,4,'D','9000000128','AB+','CE',108,0.00),(129,'Krish M','krish129@example.com',7.25,1,'E','9000000129','O-','CSE(AIDS)',109,0.00),(130,'Avni Rane','avni130@example.com',8.65,2,'F','9000000130','A-','IT',110,0.00),(131,'Jay Patil','jay131@example.com',8.05,3,'G','9000000131','B-','EE',101,0.00),(132,'Sanvi Jha','sanvi132@example.com',9.15,4,'H','9000000132','AB-','CSE',102,0.00),(133,'Rudra Deshmukh','rudra133@example.com',6.85,1,'I','9000000133','O+','ECE',103,0.00),(134,'Esha B.','esha134@example.com',8.50,2,'J','9000000134','A+','ME',104,0.00),(135,'Mihir C.','mihir135@example.com',7.75,3,'K','9000000135','B+','CE',105,0.00),(136,'Aadhya T.','aadhya136@example.com',9.00,4,'L','9000000136','AB+','CSE(AIDS)',106,0.00),(137,'Rohan V.','rohan137@example.com',7.10,1,'M','9000000137','O-','IT',107,0.00),(138,'Tanisha K.','tanisha138@example.com',8.40,2,'N','9000000138','A-','EE',108,0.00),(139,'Vedant L.','vedant139@example.com',8.70,3,'A','9000000139','B-','CSE',109,0.00),(140,'Anaya G.','anaya140@example.com',7.55,4,'B','9000000140','AB-','ECE',110,0.00),(141,'Arjun P.','arjun141@example.com',9.25,1,'C','9000000141','O+','ME',101,75.00),(142,'Myra J.','myra142@example.com',6.75,2,'D','9000000142','A+','CE',102,0.00),(143,'Dev S.','dev143@example.com',7.85,3,'E','9000000143','B+','CSE(AIDS)',103,0.00),(144,'Sara D.','sara144@example.com',8.30,4,'F','9000000144','AB+','IT',104,0.00),(145,'Kian R.','kian145@example.com',9.40,1,'G','9000000145','O-','EE',105,0.00),(146,'Tara M.','tara146@example.com',7.00,2,'H','9000000146','A-','CSE',106,0.00),(147,'Vihaan N.','vihaan147@example.com',8.15,3,'I','9000000147','B-','ECE',107,0.00),(148,'Naina H.','naina148@example.com',7.45,4,'J','9000000148','AB-','ME',108,0.00),(149,'Aryan V.','aryan149@example.com',8.80,1,'K','9000000149','O+','CE',109,100.00),(150,'Riya C.','riya150@example.com',7.15,2,'L','9000000150','A+','CSE(AIDS)',110,0.00),(151,'Yash S.','yash151@example.com',8.60,3,'M','9000000151','B+','IT',101,0.00),(152,'Khushi D.','khushi152@example.com',9.05,4,'N','9000000152','AB+','EE',102,0.00),(153,'Advait P.','advait153@example.com',7.35,1,'A','9000000153','O-','CSE',103,0.00),(154,'Neel S.','neel154@example.com',8.85,2,'B','9000000154','A-','ECE',104,0.00),(155,'Zara K.','zara155@example.com',7.60,3,'C','9000000155','B-','ME',105,0.00),(156,'Vivaan M.','vivaan156@example.com',9.35,4,'D','9000000156','AB-','CE',106,0.00),(157,'Kabir H.','kabir157@example.com',6.70,1,'E','9000000157','O+','CSE(AIDS)',107,0.00),(158,'Samaira V.','samaira158@example.com',7.95,2,'F','9000000158','A+','IT',108,0.00),(159,'Hriday G.','hriday159@example.com',8.40,3,'G','9000000159','B+','EE',109,0.00),(160,'Kiara K.','kiara160@example.com',9.15,4,'H','9000000160','AB+','CSE',110,0.00),(161,'Manav S.','manav161@example.com',6.80,1,'I','9000000161','O-','ECE',101,0.00),(162,'Diya R.','diya162@example.com',7.55,2,'J','9000000162','A-','ME',102,0.00),(163,'Rehan A.','rehan163@example.com',8.20,3,'K','9000000163','B-','CE',103,0.00),(164,'Ira P.','ira164@example.com',8.65,4,'L','9000000164','AB-','CSE(AIDS)',104,0.00),(165,'Krish T.','krish165@example.com',9.00,1,'M','9000000165','O+','IT',105,0.00),(166,'Avni D.','avni166@example.com',7.35,2,'N','9000000166','A+','EE',106,0.00),(167,'Jay V.','jay167@example.com',8.85,3,'A','9000000167','B+','CSE',107,0.00),(168,'Sanvi R.','sanvi168@example.com',7.10,4,'B','9000000168','AB+','ECE',108,0.00),(169,'Rudra A.','rudra169@example.com',8.50,1,'C','9000000169','O-','ME',109,0.00),(170,'Esha N.','esha170@example.com',7.75,2,'D','9000000170','A-','CE',110,0.00),(171,'Mihir G.','mihir171@example.com',9.25,3,'E','9000000171','B-','CSE(AIDS)',101,0.00),(172,'Aadhya B.','aadhya172@example.com',6.90,4,'F','9000000172','AB-','IT',102,0.00),(173,'Rohan S.','rohan173@example.com',8.05,1,'G','9000000173','O+','EE',103,0.00),(174,'Tanisha R.','tanisha174@example.com',7.45,2,'H','9000000174','A+','CSE',104,0.00),(175,'Vedant C.','vedant175@example.com',8.95,3,'I','9000000175','B+','ECE',105,0.00),(176,'Anaya V.','anaya176@example.com',7.20,4,'J','9000000176','AB+','ME',106,0.00),(177,'Arjun J.','arjun177@example.com',8.75,1,'K','9000000177','O-','CE',107,0.00),(178,'Myra S.','myra178@example.com',8.15,2,'L','9000000178','A-','CSE(AIDS)',108,0.00),(179,'Dev K.','dev179@example.com',7.60,3,'M','9000000179','B-','IT',109,0.00),(180,'Sara P.','sara180@example.com',9.35,4,'N','9000000180','AB-','EE',110,0.00),(181,'Kian M.','kian181@example.com',6.70,1,'A','9000000181','O+','CSE',101,0.00),(182,'Tara A.','tara182@example.com',7.85,2,'B','9000000182','A+','ECE',102,0.00),(183,'Vihaan B.','vihaan183@example.com',8.30,3,'C','9000000183','B+','ME',103,0.00),(184,'Naina I.','naina184@example.com',9.45,4,'D','9000000184','AB+','CE',104,0.00),(185,'Aryan L.','aryan185@example.com',7.00,1,'E','9000000185','O-','CSE(AIDS)',105,0.00),(186,'Riya M.','riya186@example.com',8.00,2,'F','9000000186','A-','IT',106,0.00),(187,'Yash N.','yash187@example.com',7.50,3,'G','9000000187','B-','EE',107,0.00),(188,'Khushi O.','khushi188@example.com',8.25,4,'H','9000000188','AB-','CSE',108,0.00),(189,'Advait Q.','advait189@example.com',8.80,1,'I','9000000189','O+','ECE',109,100.00),(190,'Neel R.','neel190@example.com',7.15,2,'J','9000000190','A+','ME',110,0.00),(191,'Zara S.','zara191@example.com',8.60,3,'K','9000000191','B+','CE',101,0.00),(192,'Vivaan T.','vivaan192@example.com',9.05,4,'L','9000000192','AB+','CSE(AIDS)',102,0.00),(193,'Kabir U.','kabir193@example.com',7.40,1,'M','9000000193','O-','IT',103,0.00),(194,'Samaira W.','samaira194@example.com',8.35,2,'N','9000000194','A-','EE',104,0.00),(195,'Hriday X.','hriday195@example.com',7.70,3,'A','9000000195','B-','CSE',105,0.00),(196,'Kiara Y.','kiara196@example.com',9.10,4,'B','9000000196','AB-','ECE',106,0.00),(197,'Manav Z.','manav197@example.com',6.60,1,'C','9000000197','O+','ME',107,0.00),(198,'Diya A.','diya198@example.com',7.90,2,'D','9000000198','A+','CE',108,0.00),(199,'Rehan B.','rehan199@example.com',8.45,3,'E','9000000199','B+','CSE(AIDS)',109,0.00),(200,'Ira C.','ira200@example.com',9.50,4,'F','9000000200','AB+','IT',110,0.00),(201,'Krish D.','krish201@example.com',7.05,1,'G','9000000201','O-','EE',101,0.00),(202,'Avni E.','avni202@example.com',7.65,2,'H','9000000202','A-','CSE',102,0.00),(203,'Jay F.','jay203@example.com',8.90,3,'I','9000000203','B-','ECE',103,0.00),(204,'Sanvi G.','sanvi204@example.com',7.30,4,'J','9000000204','AB-','ME',104,0.00),(205,'Rudra H.','rudra205@example.com',8.70,1,'K','9000000205','O+','CE',105,0.00),(206,'Esha I.','esha206@example.com',8.10,2,'L','9000000206','A+','CSE(AIDS)',106,0.00),(207,'Mihir J.','mihir207@example.com',7.50,3,'M','9000000207','B+','IT',107,0.00),(208,'Aadhya K.','aadhya208@example.com',9.20,4,'N','9000000208','AB+','EE',108,0.00),(209,'Rohan L.','rohan209@example.com',6.50,1,'A','9000000209','O-','CSE',109,0.00),(210,'Tanisha M.','tanisha210@example.com',7.80,2,'B','9000000210','A-','ECE',110,0.00),(211,'Vedant O.','vedant211@example.com',8.25,3,'C','9000000211','B-','ME',101,0.00),(212,'Anaya P.','anaya212@example.com',8.55,4,'D','9000000212','AB-','CE',102,0.00),(213,'Arjun Q.','arjun213@example.com',7.95,1,'E','9000000213','O+','CSE(AIDS)',103,0.00),(214,'Myra R.','myra214@example.com',9.30,2,'F','9000000214','A+','IT',104,0.00),(215,'Dev S.','dev215@example.com',6.95,3,'G','9000000215','B+','EE',105,0.00),(216,'Sara T.','sara216@example.com',7.40,4,'H','9000000216','AB+','CSE',106,0.00),(217,'Kian U.','kian217@example.com',8.85,1,'I','9000000217','O-','ECE',107,0.00),(218,'Tara V.','tara218@example.com',7.25,2,'J','9000000218','A-','ME',108,0.00),(219,'Vihaan W.','vihaan219@example.com',8.65,3,'K','9000000219','B-','CE',109,0.00),(220,'Naina X.','naina220@example.com',8.05,4,'L','9000000220','AB-','CSE(AIDS)',110,0.00),(221,'Aryan Y.','aryan221@example.com',9.15,1,'M','9000000221','O+','IT',101,50.00),(222,'Riya Z.','riya222@example.com',6.85,2,'N','9000000222','A+','EE',102,0.00),(223,'Yash A.','yash223@example.com',8.50,3,'A','9000000223','B+','CSE',103,0.00),(224,'Khushi B.','khushi224@example.com',7.75,4,'B','9000000224','AB+','ECE',104,0.00),(225,'Advait C.','advait225@example.com',9.00,1,'C','9000000225','O-','ME',105,0.00),(226,'Neel D.','neel226@example.com',7.10,2,'D','9000000226','A-','CE',106,0.00),(227,'Zara E.','zara227@example.com',8.40,3,'E','9000000227','B-','CSE(AIDS)',107,0.00),(228,'Vivaan F.','vivaan228@example.com',8.70,4,'F','9000000228','AB-','IT',108,0.00),(229,'Kabir G.','kabir229@example.com',7.55,1,'G','9000000229','O+','EE',109,0.00),(230,'Samaira H.','samaira230@example.com',9.25,2,'H','9000000230','A+','CSE',110,0.00),(231,'Hriday I.','hriday231@example.com',6.75,3,'I','9000000231','B+','ECE',101,0.00),(232,'Kiara J.','kiara232@example.com',7.85,4,'J','9000000232','AB+','ME',102,0.00),(233,'Manav K.','manav233@example.com',8.30,1,'K','9000000233','O-','CE',103,0.00),(234,'Diya L.','diya234@example.com',9.40,2,'L','9000000234','A-','CSE(AIDS)',104,0.00),(235,'Rehan M.','rehan235@example.com',7.00,3,'M','9000000235','B-','IT',105,0.00),(236,'Ira N.','ira236@example.com',8.15,4,'N','9000000236','AB-','EE',106,0.00),(237,'Krish O.','krish237@example.com',7.45,1,'A','9000000237','O+','CSE',107,0.00),(238,'Avni P.','avni238@example.com',8.80,2,'B','9000000238','A+','ECE',108,0.00),(239,'Jay Q.','jay239@example.com',7.15,3,'C','9000000239','B+','ME',109,0.00),(240,'Sanvi R.','sanvi240@example.com',8.60,4,'D','9000000240','AB+','CE',110,0.00),(241,'Rudra S.','rudra241@example.com',9.05,1,'E','9000000241','O-','CSE(AIDS)',101,0.00),(242,'Esha T.','esha242@example.com',7.35,2,'F','9000000242','A-','IT',102,0.00),(243,'Mihir U.','mihir243@example.com',8.85,3,'G','9000000243','B-','EE',103,0.00),(244,'Aadhya V.','aadhya244@example.com',7.60,4,'H','9000000244','AB-','CSE',104,0.00),(245,'Rohan W.','rohan245@example.com',9.35,1,'I','9000000245','O+','ECE',105,0.00),(246,'Tanisha X.','tanisha246@example.com',6.70,2,'J','9000000246','A+','ME',106,0.00),(247,'Vedant Y.','vedant247@example.com',7.95,3,'K','9000000247','B+','CE',107,0.00),(248,'Anaya Z.','anaya248@example.com',8.40,4,'L','9000000248','AB+','CSE(AIDS)',108,0.00),(249,'Arjun AA','arjun249@example.com',9.15,1,'M','9000000249','O-','IT',109,100.00),(250,'Myra BB','myra250@example.com',6.80,2,'N','9000000250','A-','EE',110,0.00),(251,'Dev CC','dev251@example.com',7.55,3,'A','9000000251','B-','CSE',101,0.00),(252,'Sara DD','sara252@example.com',8.20,4,'B','9000000252','AB-','ECE',102,0.00),(253,'Kian EE','kian253@example.com',8.65,1,'C','9000000253','O+','ME',103,0.00),(254,'Tara FF','tara254@example.com',9.00,2,'D','9000000254','A+','CE',104,0.00),(255,'Vihaan GG','vihaan255@example.com',7.35,3,'E','9000000255','B+','CSE(AIDS)',105,0.00),(256,'Naina HH','naina256@example.com',8.85,4,'F','9000000256','AB+','IT',106,0.00),(257,'Aryan II','aryan257@example.com',7.10,1,'G','9000000257','O-','EE',107,0.00),(258,'Riya JJ','riya258@example.com',8.50,2,'H','9000000258','A-','CSE',108,0.00),(259,'Yash KK','yash259@example.com',7.75,3,'I','9000000259','B-','ECE',109,0.00),(260,'Khushi LL','khushi260@example.com',9.25,4,'J','9000000260','AB-','ME',110,0.00),(261,'Advait MM','advait261@example.com',6.90,1,'K','9000000261','O+','CE',101,50.00),(262,'Neel NN','neel262@example.com',8.05,2,'L','9000000262','A+','CSE(AIDS)',102,0.00),(263,'Zara OO','zara263@example.com',7.45,3,'M','9000000263','B+','IT',103,0.00),(264,'Vivaan PP','vivaan264@example.com',8.95,4,'N','9000000264','AB+','EE',104,0.00),(265,'Kabir QQ','kabir265@example.com',7.20,1,'A','9000000265','O-','CSE',105,0.00),(266,'Samaira RR','samaira266@example.com',8.75,2,'B','9000000266','A-','ECE',106,0.00),(267,'Hriday SS','hriday267@example.com',8.15,3,'C','9000000267','B-','ME',107,0.00),(268,'Kiara TT','kiara268@example.com',7.60,4,'D','9000000268','AB-','CE',108,0.00),(269,'Rishabh Sinha','rishabh269@example.com',8.30,1,'E','9000000269','O-','CSE',111,50.00),(270,'Lavanya Wagh','lavanya270@example.com',7.90,2,'F','9000000270','A-','ECE',111,50.00),(271,'Shaan Deshpande','shaan271@example.com',9.10,3,'G','9000000271','B-','ME',111,16.67),(272,'Meera Kulkarni','meera272@example.com',6.85,4,'H','9000000272','AB-','CE',111,33.33),(273,'Ishan Patel','ishan273@example.com',7.40,1,'I','9000000273','O+','CSE(AIDS)',111,16.67),(274,'Advika Sharma','advika274@example.com',8.55,2,'J','9000000274','A+','IT',111,16.67),(275,'Rohit Verma','rohit275@example.com',7.65,3,'K','9000000275','B+','EE',111,16.67),(276,'Kiara Das','kiara276@example.com',9.20,4,'L','9000000276','AB+','CSE',111,16.67),(277,'Arjun Singh','arjun277@example.com',7.15,1,'M','9000000277','O-','ECE',111,0.00),(278,'Diya Menon','diya278@example.com',8.80,2,'N','9000000278','A-','ME',111,0.00),(279,'Vivaan Thakur','vivaan279@example.com',8.00,3,'A','9000000279','B-','CE',111,16.67),(280,'Aarohi Rao','aarohi280@example.com',7.50,4,'B','9000000280','AB-','CSE(AIDS)',111,16.67),(281,'Kiaan Malhotra','kiaan281@example.com',8.25,1,'C','9000000281','O+','IT',111,0.00),(282,'Myra Garg','myra282@example.com',9.05,2,'D','9000000282','A+','EE',111,0.00),(283,'Dev Soni','dev283@example.com',6.90,3,'E','9000000283','B+','CSE',111,16.67),(284,'Tanisha Jain','tanisha284@example.com',8.70,4,'F','9000000284','AB+','ECE',111,0.00),(285,'Hriday Mishra','hriday285@example.com',7.80,1,'G','9000000285','O-','ME',111,16.67),(286,'Esha Kapoor','esha286@example.com',8.45,2,'H','9000000286','A-','CE',111,0.00),(287,'Yash Chavan','yash287@example.com',9.30,3,'I','9000000287','B-','CSE(AIDS)',111,0.00),(288,'Naina Pandit','naina288@example.com',7.00,4,'J','9000000288','AB-','IT',111,0.00),(289,'Rohan Shinde','rohan289@example.com',8.10,1,'K','9000000289','O+','EE',111,0.00),(290,'Samaira Srivastav','samaira290@example.com',7.55,2,'L','9000000290','A+','CSE',111,0.00),(291,'Aryan Kulkarni','aryan291@example.com',8.95,3,'M','9000000291','B+','ECE',111,0.00),(292,'Zoya Nanda','zoya292@example.com',7.25,4,'N','9000000292','AB+','ME',111,0.00),(293,'Vedant L.M','vedant293@example.com',8.60,1,'A','9000000293','O-','CE',111,0.00),(294,'Ananya Rane','ananya294@example.com',7.95,2,'B','9000000294','A-','CSE(AIDS)',111,16.67),(295,'Kabir D.E','kabir295@example.com',9.40,3,'C','9000000295','B-','IT',111,0.00),(296,'Kiara T.U','kiara296@example.com',6.75,4,'D','9000000296','AB-','EE',111,16.67),(297,'Manav H.I','manav297@example.com',8.35,1,'E','9000000297','O+','CSE',111,16.67),(298,'Diya P.Q','diya298@example.com',7.70,2,'F','9000000298','A+','ECE',111,16.67),(299,'Rehan S.T','rehan299@example.com',9.15,3,'G','9000000299','B+','ME',112,70.00),(300,'Ira V.W','ira300@example.com',6.60,4,'H','9000000300','AB+','CE',112,80.00),(301,'Krish M.N','krish301@example.com',7.85,1,'I','9000000301','O-','CSE(AIDS)',112,40.00),(302,'Avni X.Y','avni302@example.com',8.20,2,'J','9000000302','A-','IT',112,0.00),(303,'Jay Z.A','jay303@example.com',8.50,3,'K','9000000303','B-','EE',112,0.00),(304,'Sanvi B.C','sanvi304@example.com',7.30,4,'L','9000000304','AB-','CSE',112,0.00),(305,'Rudra D.E','rudra305@example.com',8.75,1,'M','9000000305','O+','ECE',112,0.00),(306,'Esha F.G','esha306@example.com',8.15,2,'N','9000000306','A+','ME',112,0.00),(307,'Mihir H.I','mihir307@example.com',7.60,3,'A','9000000307','B+','CE',112,0.00),(308,'Aadhya J.K','aadhya308@example.com',9.35,4,'B','9000000308','AB+','CSE(AIDS)',112,0.00),(309,'Rohan L.M','rohan309@example.com',7.05,1,'C','9000000309','O-','IT',112,10.00),(310,'Tanisha N.O','tanisha310@example.com',8.40,2,'D','9000000310','A-','EE',112,20.00),(311,'Vedant P.Q','vedant311@example.com',8.70,3,'E','9000000311','B-','CSE',112,10.00),(312,'Anaya R.S','anaya312@example.com',7.50,4,'F','9000000312','AB-','ECE',112,10.00),(313,'Arjun T.U','arjun313@example.com',9.25,1,'G','9000000313','O+','ME',112,10.00),(314,'Myra V.W','myra314@example.com',6.95,2,'H','9000000314','A+','CE',112,10.00),(315,'Dev X.Y','dev315@example.com',7.45,3,'I','9000000315','B+','CSE(AIDS)',112,10.00),(316,'Sara Z.A','sara316@example.com',8.85,4,'J','9000000316','AB+','IT',112,10.00),(317,'Kian B.C','kian317@example.com',7.10,1,'K','9000000317','O-','EE',112,0.00),(318,'Tara D.E','tara318@example.com',8.55,2,'L','9000000318','A-','CSE',112,0.00),(319,'Vihaan F.G','vihaan319@example.com',8.00,3,'M','9000000319','B-','ECE',112,0.00),(320,'Naina H.I','naina320@example.com',9.10,4,'N','9000000320','AB-','ME',112,0.00),(321,'Aryan J.K','aryan321@example.com',6.80,1,'A','9000000321','O+','CE',112,0.00),(322,'Riya L.M','riya322@example.com',7.90,2,'B','9000000322','A+','CSE(AIDS)',112,0.00),(323,'Yash N.O','yash323@example.com',8.45,3,'C','9000000323','B+','IT',112,0.00),(324,'Khushi P.Q','khushi324@example.com',9.50,4,'D','9000000324','AB+','EE',112,10.00),(325,'Advait R.S','advait325@example.com',7.00,1,'E','9000000325','O-','CSE',112,0.00),(326,'Neel T.U','neel326@example.com',7.50,2,'F','9000000326','A-','ECE',112,0.00),(327,'Zara V.W','zara327@example.com',8.25,3,'G','9000000327','B-','ME',112,0.00),(328,'Vivaan X.Y','vivaan328@example.com',8.80,4,'H','9000000328','AB-','CE',112,0.00),(329,'Priya Kadam','priya329@example.com',8.10,2,'B','9000000329','A+','CSE(AIDS)',111,40.00),(330,'Kabir Doshi','kabir330@example.com',7.70,2,'B','9000000330','A+','CSE(AIDS)',111,20.00),(331,'Tara Shah','tara331@example.com',8.50,2,'B','9000000331','A+','CSE(AIDS)',111,20.00),(332,'Dev Varma','dev332@example.com',7.90,2,'B','9000000332','A+','CSE(AIDS)',111,20.00),(333,'Mira Hegde','mira333@example.com',8.20,2,'B','9000000333','A+','CSE(AIDS)',111,20.00),(334,'Rohan P.R','rohan334@example.com',7.60,2,'B','9000000334','A+','CSE(AIDS)',111,20.00),(335,'Naina S.T','naina335@example.com',8.80,2,'B','9000000335','A+','CSE(AIDS)',111,20.00),(336,'Arjun U.V','arjun336@example.com',7.30,2,'B','9000000336','A+','CSE(AIDS)',111,20.00),(337,'Ananya W.X','ananya337@example.com',8.00,2,'B','9000000337','A+','CSE(AIDS)',111,20.00),(338,'Vihaan Y.Z','vihaan338@example.com',8.60,2,'B','9000000338','A+','CSE(AIDS)',111,0.00),(339,'Kiara A.B','kiara339@example.com',7.50,2,'B','9000000339','A+','CSE(AIDS)',111,0.00),(340,'Manav C.D','manav340@example.com',8.90,2,'B','9000000340','A+','CSE(AIDS)',111,20.00),(341,'Diya E.F','diya341@example.com',7.20,2,'B','9000000341','A+','CSE(AIDS)',111,20.00),(342,'Rehan G.H','rehan342@example.com',8.30,2,'B','9000000342','A+','CSE(AIDS)',111,20.00),(343,'Ira I.J','ira343@example.com',8.15,2,'B','9000000343','A+','CSE(AIDS)',111,20.00),(344,'Krish K.L','krish344@example.com',7.75,2,'B','9000000344','A+','CSE(AIDS)',111,0.00),(345,'Avni M.N','avni345@example.com',8.55,2,'B','9000000345','A+','CSE(AIDS)',111,0.00),(346,'Jay O.P','jay346@example.com',7.95,2,'B','9000000346','A+','CSE(AIDS)',111,0.00),(347,'Sanvi Q.R','sanvi347@example.com',8.25,2,'B','9000000347','A+','CSE(AIDS)',111,0.00),(348,'Rudra S.T','rudra348@example.com',7.65,2,'B','9000000348','A+','CSE(AIDS)',111,0.00),(349,'Esha U.V','esha349@example.com',8.85,2,'B','9000000349','A+','CSE(AIDS)',111,0.00),(350,'Mihir W.X','mihir350@example.com',7.35,2,'B','9000000350','A+','CSE(AIDS)',111,0.00),(351,'Aadhya Y.Z','aadhya351@example.com',8.05,2,'B','9000000351','A+','CSE(AIDS)',111,0.00),(352,'Rohan A.B','rohan352@example.com',8.65,2,'B','9000000352','A+','CSE(AIDS)',111,0.00),(353,'Tanisha C.D','tanisha353@example.com',7.55,2,'B','9000000353','A+','CSE(AIDS)',111,0.00),(354,'Vedant E.F','vedant354@example.com',8.95,2,'B','9000000354','A+','CSE(AIDS)',111,0.00),(355,'Anaya G.H','anaya355@example.com',7.25,2,'B','9000000355','A+','CSE(AIDS)',111,20.00),(356,'Arjun I.J','arjun356@example.com',8.35,2,'B','9000000356','A+','CSE(AIDS)',111,20.00),(357,'Myra K.L','myra357@example.com',8.10,2,'B','9000000357','A+','CSE(AIDS)',111,20.00),(358,'Dev M.N','dev358@example.com',7.70,2,'B','9000000358','A+','CSE(AIDS)',111,20.00),(359,'Sara O.P','sara359@example.com',8.50,2,'B','9000000359','A+','CSE(AIDS)',111,20.00),(360,'Kian Q.R','kian360@example.com',7.90,2,'B','9000000360','A+','CSE(AIDS)',111,20.00),(361,'Tara S.T','tara361@example.com',8.20,2,'B','9000000361','A+','CSE(AIDS)',111,20.00),(362,'Vihaan U.V','vihaan362@example.com',7.60,2,'B','9000000362','A+','CSE(AIDS)',111,20.00),(363,'Naina W.X','naina363@example.com',8.80,2,'B','9000000363','A+','CSE(AIDS)',111,20.00),(364,'Aryan Y.Z','aryan364@example.com',7.30,2,'B','9000000364','A+','CSE(AIDS)',111,40.00),(365,'Riya A.B','riya365@example.com',8.00,2,'B','9000000365','A+','CSE(AIDS)',111,40.00),(366,'Yash C.D','yash366@example.com',8.60,2,'B','9000000366','A+','CSE(AIDS)',111,40.00),(367,'Khushi E.F','khushi367@example.com',7.50,2,'B','9000000367','A+','CSE(AIDS)',111,40.00),(406,'Samarth V','samarth406@example.com',8.10,4,'D','9000000406','AB+','CSE(AIDS)',112,10.00),(407,'Shreya W','shreya407@example.com',7.70,4,'D','9000000407','AB+','CSE(AIDS)',112,0.00),(408,'Yash X','yash408@example.com',8.50,4,'D','9000000408','AB+','CSE(AIDS)',112,0.00),(409,'Khushi Y','khushi409@example.com',7.90,4,'D','9000000409','AB+','CSE(AIDS)',112,0.00),(410,'Advait Z','advait410@example.com',8.20,4,'D','9000000410','AB+','CSE(AIDS)',112,0.00),(411,'Neel A','neel411@example.com',7.60,4,'D','9000000411','AB+','CSE(AIDS)',112,0.00),(412,'Zara B','zara412@example.com',8.80,4,'D','9000000412','AB+','CSE(AIDS)',112,0.00),(413,'Vivaan C','vivaan413@example.com',7.30,4,'D','9000000413','AB+','CSE(AIDS)',112,0.00),(414,'Kabir D','kabir414@example.com',8.00,4,'D','9000000414','AB+','CSE(AIDS)',112,0.00),(415,'Samaira E','samaira415@example.com',8.60,4,'D','9000000415','AB+','CSE(AIDS)',112,0.00),(416,'Hriday F','hriday416@example.com',7.50,4,'D','9000000416','AB+','CSE(AIDS)',112,0.00),(417,'Kiara G','kiara417@example.com',8.90,4,'D','9000000417','AB+','CSE(AIDS)',112,0.00),(418,'Manav H','manav418@example.com',7.20,4,'D','9000000418','AB+','CSE(AIDS)',112,0.00),(419,'Diya I','diya419@example.com',8.30,4,'D','9000000419','AB+','CSE(AIDS)',112,0.00),(420,'Rehan J','rehan420@example.com',8.15,4,'D','9000000420','AB+','CSE(AIDS)',112,0.00),(421,'Ira K','ira421@example.com',7.75,4,'D','9000000421','AB+','CSE(AIDS)',112,0.00),(422,'Krish L','krish422@example.com',8.55,4,'D','9000000422','AB+','CSE(AIDS)',112,0.00),(423,'Avni M','avni423@example.com',7.95,4,'D','9000000423','AB+','CSE(AIDS)',112,0.00),(424,'Jay N','jay424@example.com',8.25,4,'D','9000000424','AB+','CSE(AIDS)',112,0.00),(425,'Sanvi O','sanvi425@example.com',7.65,4,'D','9000000425','AB+','CSE(AIDS)',112,0.00),(426,'Rudra P','rudra426@example.com',8.85,4,'D','9000000426','AB+','CSE(AIDS)',112,0.00),(427,'Esha Q','esha427@example.com',7.35,4,'D','9000000427','AB+','CSE(AIDS)',112,0.00),(428,'Mihir R','mihir428@example.com',8.05,4,'D','9000000428','AB+','CSE(AIDS)',112,0.00),(429,'Aadhya S','aadhya429@example.com',8.65,4,'D','9000000429','AB+','CSE(AIDS)',112,0.00),(430,'Rohan T','rohan430@example.com',7.55,4,'D','9000000430','AB+','CSE(AIDS)',112,0.00),(431,'Tanisha U','tanisha431@example.com',8.95,4,'D','9000000431','AB+','CSE(AIDS)',112,0.00),(432,'Vedant V','vedant432@example.com',7.25,4,'D','9000000432','AB+','CSE(AIDS)',112,0.00),(433,'Anaya W','anaya433@example.com',8.35,4,'D','9000000433','AB+','CSE(AIDS)',112,0.00),(434,'Arjun X','arjun434@example.com',8.10,4,'D','9000000434','AB+','CSE(AIDS)',112,0.00),(435,'Myra Y','myra435@example.com',7.70,4,'D','9000000435','AB+','CSE(AIDS)',112,0.00),(436,'Dev Z','dev436@example.com',8.50,4,'D','9000000436','AB+','CSE(AIDS)',112,0.00),(437,'Sara A','sara437@example.com',7.90,4,'D','9000000437','AB+','CSE(AIDS)',112,0.00),(438,'Kian B','kian438@example.com',8.20,4,'D','9000000438','AB+','CSE(AIDS)',112,0.00),(439,'Tara C','tara439@example.com',7.60,4,'D','9000000439','AB+','CSE(AIDS)',112,0.00),(440,'Vihaan D','vihaan440@example.com',8.80,4,'D','9000000440','AB+','CSE(AIDS)',112,0.00),(441,'Naina E','naina441@example.com',7.30,4,'D','9000000441','AB+','CSE(AIDS)',112,0.00),(442,'Aryan F','aryan442@example.com',8.00,4,'D','9000000442','AB+','CSE(AIDS)',112,0.00),(443,'Riya G','riya443@example.com',8.60,4,'D','9000000443','AB+','CSE(AIDS)',112,0.00),(456,'KARTIK','kartik@gmail.com',8.75,2,'i','23456786789','O-','CSE',NULL,0.00),(499,'MITUL patil','mita140605@example',6.00,2,'B','08619877759','O-','CSE(AIDS)',NULL,0.00),(777,'MITUL JAIN','mita140605@gmail.co',NULL,2,'B','900000000','O-','CSE(AIDS)',NULL,0.00);
/*!40000 ALTER TABLE `student` ENABLE KEYS */;
UNLOCK TABLES;

--
-- Table structure for table `teaches`
--

DROP TABLE IF EXISTS `teaches`;
/*!40101 SET @saved_cs_client     = @@character_set_client */;
/*!50503 SET character_set_client = utf8mb4 */;
CREATE TABLE `teaches` (
  `teach_id` int NOT NULL AUTO_INCREMENT,
  `professor_id` int NOT NULL,
  `course_id` int NOT NULL,
  `sem_id` int DEFAULT NULL,
  `year` int DEFAULT NULL,
  PRIMARY KEY (`teach_id`),
  KEY `professor_id` (`professor_id`),
  KEY `course_id` (`course_id`),
  KEY `sem_id` (`sem_id`),
  CONSTRAINT `teaches_ibfk_1` FOREIGN KEY (`professor_id`) REFERENCES `professor` (`professor_id`) ON DELETE CASCADE,
  CONSTRAINT `teaches_ibfk_2` FOREIGN KEY (`course_id`) REFERENCES `course` (`course_id`) ON DELETE CASCADE,
  CONSTRAINT `teaches_ibfk_3` FOREIGN KEY (`sem_id`) REFERENCES `semester` (`sem_id`) ON DELETE SET NULL
) ENGINE=InnoDB AUTO_INCREMENT=14 DEFAULT CHARSET=utf8mb4 COLLATE=utf8mb4_0900_ai_ci;
/*!40101 SET character_set_client = @saved_cs_client */;

--
-- Dumping data for table `teaches`
--

LOCK TABLES `teaches` WRITE;
/*!40000 ALTER TABLE `teaches` DISABLE KEYS */;
INSERT INTO `teaches` VALUES (1,101,101,101,2025),(2,101,102,101,2025),(3,102,103,102,2025),(4,103,104,102,2025),(5,104,105,103,2025),(6,105,106,103,2025),(7,106,107,104,2025),(8,107,108,104,2025),(9,108,109,105,2025),(10,109,110,105,2025),(11,110,111,106,2025),(12,111,102,107,2025),(13,112,101,107,2025);
/*!40000 ALTER TABLE `teaches` ENABLE KEYS */;
UNLOCK TABLES;

--
-- Table structure for table `users`
--

DROP TABLE IF EXISTS `users`;
/*!40101 SET @saved_cs_client     = @@character_set_client */;
/*!50503 SET character_set_client = utf8mb4 */;
CREATE TABLE `users` (
  `id` int NOT NULL AUTO_INCREMENT,
  `username` varchar(50) NOT NULL,
  `password` varchar(100) NOT NULL,
  PRIMARY KEY (`id`)
) ENGINE=InnoDB AUTO_INCREMENT=2 DEFAULT CHARSET=utf8mb4 COLLATE=utf8mb4_0900_ai_ci;
/*!40101 SET character_set_client = @saved_cs_client */;

--
-- Dumping data for table `users`
--

LOCK TABLES `users` WRITE;
/*!40000 ALTER TABLE `users` DISABLE KEYS */;
INSERT INTO `users` VALUES (1,'mitul','140605');
/*!40000 ALTER TABLE `users` ENABLE KEYS */;
UNLOCK TABLES;

--
-- Dumping events for database 'student'
--

--
-- Dumping routines for database 'student'
--
/*!50003 DROP PROCEDURE IF EXISTS `DeleteStudent` */;
/*!50003 SET @saved_cs_client      = @@character_set_client */ ;
/*!50003 SET @saved_cs_results     = @@character_set_results */ ;
/*!50003 SET @saved_col_connection = @@collation_connection */ ;
/*!50003 SET character_set_client  = cp850 */ ;
/*!50003 SET character_set_results = cp850 */ ;
/*!50003 SET collation_connection  = cp850_general_ci */ ;
/*!50003 SET @saved_sql_mode       = @@sql_mode */ ;
/*!50003 SET sql_mode              = 'ONLY_FULL_GROUP_BY,STRICT_TRANS_TABLES,NO_ZERO_IN_DATE,NO_ZERO_DATE,ERROR_FOR_DIVISION_BY_ZERO,NO_ENGINE_SUBSTITUTION' */ ;
DELIMITER ;;
CREATE DEFINER=`root`@`localhost` PROCEDURE `DeleteStudent`(
    IN p_prn INT
)
BEGIN
    DELETE FROM student WHERE prn = p_prn;
END ;;
DELIMITER ;
/*!50003 SET sql_mode              = @saved_sql_mode */ ;
/*!50003 SET character_set_client  = @saved_cs_client */ ;
/*!50003 SET character_set_results = @saved_cs_results */ ;
/*!50003 SET collation_connection  = @saved_col_connection */ ;
/*!50003 DROP PROCEDURE IF EXISTS `GetAllCourses` */;
/*!50003 SET @saved_cs_client      = @@character_set_client */ ;
/*!50003 SET @saved_cs_results     = @@character_set_results */ ;
/*!50003 SET @saved_col_connection = @@collation_connection */ ;
/*!50003 SET character_set_client  = cp850 */ ;
/*!50003 SET character_set_results = cp850 */ ;
/*!50003 SET collation_connection  = cp850_general_ci */ ;
/*!50003 SET @saved_sql_mode       = @@sql_mode */ ;
/*!50003 SET sql_mode              = 'ONLY_FULL_GROUP_BY,STRICT_TRANS_TABLES,NO_ZERO_IN_DATE,NO_ZERO_DATE,ERROR_FOR_DIVISION_BY_ZERO,NO_ENGINE_SUBSTITUTION' */ ;
DELIMITER ;;
CREATE DEFINER=`root`@`localhost` PROCEDURE `GetAllCourses`()
BEGIN
    SELECT * FROM course;
END ;;
DELIMITER ;
/*!50003 SET sql_mode              = @saved_sql_mode */ ;
/*!50003 SET character_set_client  = @saved_cs_client */ ;
/*!50003 SET character_set_results = @saved_cs_results */ ;
/*!50003 SET collation_connection  = @saved_col_connection */ ;
/*!50003 DROP PROCEDURE IF EXISTS `InsertCourse` */;
/*!50003 SET @saved_cs_client      = @@character_set_client */ ;
/*!50003 SET @saved_cs_results     = @@character_set_results */ ;
/*!50003 SET @saved_col_connection = @@collation_connection */ ;
/*!50003 SET character_set_client  = cp850 */ ;
/*!50003 SET character_set_results = cp850 */ ;
/*!50003 SET collation_connection  = cp850_general_ci */ ;
/*!50003 SET @saved_sql_mode       = @@sql_mode */ ;
/*!50003 SET sql_mode              = 'ONLY_FULL_GROUP_BY,STRICT_TRANS_TABLES,NO_ZERO_IN_DATE,NO_ZERO_DATE,ERROR_FOR_DIVISION_BY_ZERO,NO_ENGINE_SUBSTITUTION' */ ;
DELIMITER ;;
CREATE DEFINER=`root`@`localhost` PROCEDURE `InsertCourse`(
    IN p_course_id INT,
    IN p_title VARCHAR(100),
    IN p_description TEXT,
    IN p_dep_id INT
)
BEGIN
    INSERT INTO course (course_id, title, description, dep_id)
    VALUES (p_course_id, p_title, p_description, p_dep_id);
END ;;
DELIMITER ;
/*!50003 SET sql_mode              = @saved_sql_mode */ ;
/*!50003 SET character_set_client  = @saved_cs_client */ ;
/*!50003 SET character_set_results = @saved_cs_results */ ;
/*!50003 SET collation_connection  = @saved_col_connection */ ;
/*!50003 DROP PROCEDURE IF EXISTS `InsertStudent` */;
/*!50003 SET @saved_cs_client      = @@character_set_client */ ;
/*!50003 SET @saved_cs_results     = @@character_set_results */ ;
/*!50003 SET @saved_col_connection = @@collation_connection */ ;
/*!50003 SET character_set_client  = cp850 */ ;
/*!50003 SET character_set_results = cp850 */ ;
/*!50003 SET collation_connection  = cp850_general_ci */ ;
/*!50003 SET @saved_sql_mode       = @@sql_mode */ ;
/*!50003 SET sql_mode              = 'ONLY_FULL_GROUP_BY,STRICT_TRANS_TABLES,NO_ZERO_IN_DATE,NO_ZERO_DATE,ERROR_FOR_DIVISION_BY_ZERO,NO_ENGINE_SUBSTITUTION' */ ;
DELIMITER ;;
CREATE DEFINER=`root`@`localhost` PROCEDURE `InsertStudent`(
    IN p_prn INT,
    IN p_name VARCHAR(100),
    IN p_email VARCHAR(100),
    IN p_gpa DECIMAL(3,2),
    IN p_year INT,
    IN p_panel VARCHAR(50),
    IN p_mobile_no VARCHAR(15),
    IN p_blood_group VARCHAR(5),
    IN p_branch VARCHAR(50)
)
BEGIN
    INSERT INTO student(prn, name, email, gpa, year, panel, mobile_no, blood_group, branch)
    VALUES(p_prn, p_name, p_email, p_gpa, p_year, p_panel, p_mobile_no, p_blood_group, p_branch);
END ;;
DELIMITER ;
/*!50003 SET sql_mode              = @saved_sql_mode */ ;
/*!50003 SET character_set_client  = @saved_cs_client */ ;
/*!50003 SET character_set_results = @saved_cs_results */ ;
/*!50003 SET collation_connection  = @saved_col_connection */ ;
/*!40103 SET TIME_ZONE=@OLD_TIME_ZONE */;

/*!40101 SET SQL_MODE=@OLD_SQL_MODE */;
/*!40014 SET FOREIGN_KEY_CHECKS=@OLD_FOREIGN_KEY_CHECKS */;
/*!40014 SET UNIQUE_CHECKS=@OLD_UNIQUE_CHECKS */;
/*!40101 SET CHARACTER_SET_CLIENT=@OLD_CHARACTER_SET_CLIENT */;
/*!40101 SET CHARACTER_SET_RESULTS=@OLD_CHARACTER_SET_RESULTS */;
/*!40101 SET COLLATION_CONNECTION=@OLD_COLLATION_CONNECTION */;
/*!40111 SET SQL_NOTES=@OLD_SQL_NOTES */;

-- Dump completed on 2025-12-26 22:16:05
